:1000000000400020B5290000B1290000B1290000FE
:10001000B1290000B1290000B12900000000000052
:10002000000000000000000000000000B1290000F6
:10003000B129000000000000B1290000B129000032
:10004000B1290000B90B0000B1290000B12900005E
:10005000B1290000B1290000B1290000B129000038
:10006000B1290000B1290000B1290000B129000028
:10007000B1290000B1290000B1290000B129000018
:10008000B1290000B1290000B1290000B129000008
:10009000B1290000B1290000B1290000B1290000F8
:1000A000B1290000B1290000B1290000B1290000E8
:1000B000B1290000B1290000B1290000B1290000D8
:1000C000B1290000B1290000B1290000B1290000C8
:1000D000B1290000B1290000B1290000B1290000B8
:1000E000B1290000B1290000B1290000B1290000A8
:1000F000B1290000B1290000B12900000000000072
:1001000000000000000000000000000000000000EF
:1001100000000000000000000000000000000000DF
:10012000B1290000B1290000B1290000B129000067
:10013000B1290000B1290000B1290000B129000057
:10018000FFFFFFFFFFFFFFFFFFFFFFFFFFFFFFFF7F
:1001900003329CA77F000000FFFFFFFFFFFFFFFF70
:1001A00010B5054C237833B9044B13B10448AFF3B1
:1001B00000800123237010BDC4050420000000004E
:1001C00078A0000008B5034B1BB103490348AFF307
:1001D000008008BD00000000C805042078A00000D1
:1001E000A3F5803A704700BF154B002B08BF114B99
:1001F0009D46FFF7F5FF00218B460F461148124A36
:10020000121A04F001FE0C4B002B00D098470B4B48
:10021000002B00D098470020002104000D000B485F
:1002200003F002FD04F0A4FE2000290000F044FECB
:1002300003F008FD000008000000000000000000BE
:1002400000400020C405042000100420C14F00001D
:100250002DE9F0470746CCB00A20884602F094F812
:100260000A2800F24C82002301214FF08072AD4C2D
:1002700003A80593CDE9031201F09AFE237D012B1B
:1002800003D094F8B433002B48D1236A002532936D
:1002900094F8513005223D9394F8503039923C93B4
:1002A000012341930A233893236E8DF8DC503F934A
:1002B000E36D33953E9394F864308DF80031636BB1
:1002C0003093A36D3693636D3493A3693193E36EDA
:1002D0002F9394F86830012B40F0FA81636FE56743
:1002E00083B1914EA6F1280931462FA802F088F873
:1002F00048462FA901F056F8636F01359D4206F17B
:100300000806F1D30023E3670023D4F89020237577
:10031000C4F88820D4F89420C4F88C20002102204E
:1003200001F030FE02230122CDE90B330D93636A05
:100330000AA80E938DF8282001F0F6FD4FF0FF304B
:1003400001F0DEFF94F8B433002B40F0B380002FAF
:1003500000F0D881B8F1000F00F0D48100254146AB
:10036000384600F04FFE012000F06EFE6F4A704BE1
:1003700006A806920793CDF8215001F0C9FA0B2385
:1003800005224893636C49923493A36D4FF4406205
:1003900046934FF4C043CDE930324FF480730222CC
:1003A0003293A36C8DF81C513593236C4395339392
:1003B000636D2F95449394F86830ADF8DC50012BB1
:1003C000369200F08E81206BC4F8B003A16901F071
:1003D0003BFC58493E90E06B03F08AF9564903F024
:1003E000D3F84FF07C5102F0C7FF002503F092FADA
:1003F000CDE93F052FA8419501F0B8FB1E231393CB
:1004000040F20113ADF8743043F2E0334FF48078DA
:100410004FF0020901274FF0030A1C93474B0FA826
:10042000CDF85630CDE90F55CDE91155CDE9195527
:10043000149517951B95ADF85480CDF8609001F098
:10044000BFFCE36C1EA8209394F85130CDE92755EA
:10045000229394F85030CDE92C552193236ECDE9A9
:100460001E772A93E36DCDE923A7299394F864308E
:100470002E958DF8AC30ADF894708DF8987001F031
:1004800019FD39462E4801F009FA284601F03CFED4
:100490004FF0014000F0A0FD02A901A800F0C8FD46
:1004A0000646284600F0D0FD002E4FD030464CB016
:1004B000BDE8F0872378012B3FF449AF00232148A2
:1004C00084F8C43301F0D2FD012303A88DF8103065
:1004D00001F06EFDD4F8B80301F0A6FD4FF4004121
:1004E000012001F013FF0028F8D00026012516484E
:1004F00084F8D86301F0BAFD03A88DF8105001F01C
:1005000057FD00F001FBA06B032101F0F9F9082170
:1005100042F25C3001F0AAF8304684F8B4534CB093
:10052000BDE8F087000004209000042001010100D4
:10053000000101000000484400E0FF448B061F005A
:10054000604E1100B8030420CC030420029A0199E4
:100550006068C4F8C023C4F8C813C4F8BC03C4F866
:10056000B87301F06DFDE36D216A4B4407FA03F3A4
:100570003093236EA069349394F8513033963293BC
:1005800094F85030CDF8BCA0319303F0B1F80FA926
:1005900036902FA800F040FE384600F055FD402070
:1005A00001F0B2FD4FF47A6000F016FD10224FF416
:1005B0008063CDE91E234FF481731EA82193CDF8EB
:1005C000809001F0FBF93946384601F037FC394696
:1005D0004FF4814001F062F94FF4487000F0FCFCE8
:1005E00039464FF4014001F059F90F9820F040408E
:1005F00000F0F2FC31464CF2801001F04FF9062178
:10060000072001F01BFC39464FF4814001F046F908
:100610004FF4487000F0E0FC39464FF4014001F01F
:100620003DF90F9820F0404000F0D6FC31464CF2E6
:10063000801001F033F94FF440634FF4C0411EA81D
:10064000CDE91F131E96CDF8848001F0B7F930462E
:1006500001F05AFD01F08AFE06A902A800F0E8FCAC
:100660000646284600F0F0FC00F0FCFCC4F8E80365
:100670000A3002F017FB0022274B02F08DFB24A367
:10068000D3E9002302F088FB02460B4600202349F1
:1006900002F0ACFC02F01AFEA16AC4F8EC030546B5
:1006A00003F010F900B1A562002E7FF4FFAED4E98B
:1006B000EF030299069A1844C4F8CC63C4F8DC131B
:1006C000C4F8D423C4F8D00301F0BAFC2670F5E6D0
:1006D000236B13492FA82F9301F092FE002323755B
:1006E0001CE61049E36EA1F11C00E567C4F8B033C5
:1006F000C4F8803000F056FED4F8800066E66FF053
:100700000806D3E66FF00106D0E600BFAFF3008025
:100710008DEDB5A0F7C6B03E0000B03F0000F03F41
:1007200088000420840004202DE9F04F9B4B8BB0FF
:1007300093F8B4330490002B00F02A810A200D4670
:1007400001F022FE0A2800F226810024002001F098
:1007500007FE4FF0007120462C6001F0D7FD012804
:1007600003D000200BB0BDE8F08F01F019FC20F0A1
:1007700003063146049800F003FF4FF0007001F0CB
:10078000BFFD8649CA6A002A40F3D880D1F8E43315
:1007900003EB9603C1F8E43393424FEA96010591C7
:1007A00080F0D6807D4B93F8E033012B00F0D080B1
:1007B0007A4B93F86830002B40F0C380784801F002
:1007C000CFFD002E00F0B280049B7648043B03EB83
:1007D000860153F8044FC4F31102A40348BF024337
:1007E00099421A60F5D1059B002B00F09F804FF0D5
:1007F00000086A4AD2F88830D2F88C200693049B0D
:10080000079299460433CDE90835D9F8087009F103
:100810001009384602F064FE59F8046C044630466C
:1008200002F05EFE21460546204602F0ADFE294656
:100830000446284602F0A8FE0146204602F09CFD30
:1008400002F052FA07F048FC824638468B4602F026
:1008500039FA04460D46704202F034FA22462B461D
:1008600007F096FB59F8107CCDE90001384602F0FC
:1008700037FE59F80C6C0446304602F031FE214632
:100880000546204602F080FE29460446284602F02E
:100890007BFE0146204602F06FFD02F025FA07F0CC
:1008A0001BFC04460D463846CDE9024502F00AFA23
:1008B00004460D46704202F005FA22462B4607F028
:1008C00067FB04460D465046594602F0FFFC0346BE
:1008D000DDE902011E4602F0F9FC0146304602F055
:1008E00007FF0646DDE9000102F0F0FC0346294659
:1008F00020461C4602F0EAFC0146204602F03AFD82
:1009000006990446304602F03FFE049B079943F8DF
:100910003800204602F030FD089B43F83800059B64
:1009200008F1010898457FF470AF099D1B4B93F8BF
:100930006830012B10D0059B2B6012E7B30805939C
:1009400030E7164B9969D3F8840001F035F935E7A3
:10095000002001F0DFFB31E71049D1F88020CB6F98
:10096000C1F8B023D1F88420C1F8802003F112022D
:1009700001EBC30351F83220D3F89430C1F888203A
:10098000C1F88C308431A1F11C0000F00BFDD2E7DE
:100990006FF06300E6E66FF00800E3E60000042075
:1009A000E5470A000000FCFF70B50424154686B038
:1009B0001E460194FFF74CFC0022184C2846A16902
:1009C00084F868202563C4F8B05301F0F5F80A20D4
:1009D00001F0DAFCD4F8CC0301F026FB104C01E066
:1009E000013C14D04FF00071002001F08FFC002872
:1009F000F6D001A902A8FFF797FE019B5BB100208A
:100A0000029A039B32600A9A136006B070BD6FF0C1
:100A1000090006B070BD4FF0FF30F6E7000004207B
:100A2000A08601004FF0000C30B54FF04024E646A0
:100A300093B22383238C94459BB207D213F4706F37
:100A400017D0A5880CF1010C01F8015B964506D280
:100A50001D07EFD410F8013B0EF1010E2381624512
:100A6000E8D19645E6D14FF0402213889B07FCD58C
:100A700030BD9645ECD3DDE74FF48062014BA3F81F
:100A80005C207047000002404FF48062014BA3F8E5
:100A900058207047000002404022024BA3F89820E3
:100AA000704700BF000002404022024BA3F89C2088
:100AB000704700BF0000024010B370B5114E00EB4C
:100AC0008003B6EB430F04460CD26508284604F0B9
:100AD0000104FFF7F1FF641904EB84030FD0B6EBB8
:100AE000430FF2D34FF0E022052304EB8414A4005B
:100AF000546113611369DB03FCD50023136170BDDE
:100B0000704700BF9CD80900012000220249034B16
:100B1000C1F890001A60704700C00440E00504204E
:100B20004FF6FF72402170B54FF0402C0125002098
:100B300044F2433E1D4B09261A81A3F84820A3F82E
:100B40008820B3F884201A4C92B20A43A3F8842078
:100B5000A3F898101A6822F03F0242F015021A60BA
:100B60001A6C22F440421A64B3F8442092B242F460
:100B70008062A3F84420ACF80C00ACF810E0ACF8AC
:100B800018509A896FEA42426FEA524292B29A81B1
:100B9000C4F88060C4F890500224064A14604FF4F0
:100BA0008062A3F85820A3F8981070BD000002409E
:100BB00000C0044000E100E001230349034AC1F8FA
:100BC00090301360704700BF00C00440E00504206F
:100BD0003F4A2DE9F84F13683E4923F4700343F46C
:100BE000A00313604B68814613F47C5FC3F30522B6
:100BF00055D04FF4006700233648520101689846EB
:100C000001F003010129B7FBF2F752D002295AD1B2
:100C10004FF0000BC568304905F01F0501FB05F5D5
:100C200003262E4C4FEAE97A28465946A68502F05B
:100C300091FE4A46534602F08DFE05FB08F8A5FBDF
:100C4000075107FB0B88421E93B223852846D31712
:100C5000414402F07FFE4A46534602F07BFE0022EA
:100C60000123A0F5006040F4084080B2A084A28077
:100C7000A6812384238C9BB243F006032384238C18
:100C800023F006031B041B0C23844FF48042144BF7
:100C90001A600523A380A08A80B2BDE8F88F904631
:100CA0000C4840270168202201F003010129434636
:100CB000ACD101680B4D11F4007F0B494FF0000BD4
:100CC00008BF0D46ACE74FF0000B064DA8E700BF8C
:100CD0000000024000C3044040420F0000500040AA
:100CE00000E100E080BA8C010024F40030B54CF63D
:100CF0001430C9250A21114A114C124B83B02581A9
:100D0000D0601161019303E0019B013B019313B19A
:100D100013691B05F8D5002240F201214CF6143569
:100D2000094B064C4FF46130E56019605A605A6116
:100D3000FFF74EFF012003B030BD00BF00C10440EB
:100D4000002C0040A086010000C304402DE9F041C2
:100D500000220646144C154FA3884D1E23F00103B4
:100D60001B041B0CA380AA4212DAA38ADB07FAD564
:100D700023889BB20D2B13D00A2B02F101080FD050
:100D8000B3543B68986803F02DFE4246AA42ECDB60
:100D90000023B3543B68BDE8F041986803F022BEDD
:100DA000002AF5DCDFE700BF00500040FC03042010
:100DB0002DE9F04F95B001F015FB00F039FD002151
:100DC000374800F06BFD002401254FF0011302A805
:100DD0000693CDE903450595029401F0F3F902234A
:100DE00004220DF11C084046CDE90A32CDE9083352
:100DF0008DF81C4001F098F840468DF81C5001F029
:100E000093F80CA8CDE90D44CDE90F440C9401F002
:100E10008FFA2A464FF0FF31284601F059FA2A4648
:100E20004FF00071204601F053FA4FF0FF3001F00F
:100E300067FA1C4BDFF870B0DFF870A0DFF8709035
:100E40000293079319E01B4A02AB4FF4007150461E
:100E5000CDF80080FFF7A8FD029801F045FF044699
:100E600007980D4601F040FF06460F4622462B46E6
:100E70004846CDE9006703F069FFDBF80030986869
:100E800003F0B0FD0CA82021FFF760FF0CA802F0D2
:100E9000D1FE0028D7D002F023FB0246D4E700BFE2
:100EA000E0FF3900000080BFFC030420E4050420BB
:100EB0001C9A000000606A4608B50020FFF716FF84
:100EC0000020FFF72DFEFFF773FF00BF101E19DD96
:100ED00000B54FF00D0E01390B4A01EB000C11F873
:100EE000013F0A2B07D01380938A9B06FCD56145EE
:100EF000F5D15DF804FBA2F800E0938A9B06FCD5CF
:100F00000B78F0E7704700BF005000404FF0FF3013
:100F1000704700BF002070470120704700207047D5
:100F2000002070470422034600B583B068461BBA10
:100F30000DEB02010093FFF775FD019800BA03B0B5
:100F40005DF804FB30B583B00446FFF795FD202320
:100F50000122684601A98DF80030FFF763FD63BAEE
:100F60000222684601A9ADF80030FFF75BFDFFF7EC
:100F70008BFDFFF781FD6D2300250122684601A945
:100F80008DF80030FFF74EFD0122684601A98DF86B
:100F90000050FFF747FD42F21403A4F58054A4B2B9
:100FA0009C4208D82846FFF7BDFF0446FFF76CFDBA
:100FB000204603B030BD6846022201A9ADF80050BA
:100FC000FFF730FDBDF80440FFF75EFD64BAA4B240
:100FD000204603B030BD00BF094BD9685A69D3F829
:100FE00004C00A44944506D99A6842F82100DA6898
:100FF0000132DA6070476FF003029A61704700BFF8
:10100000E40D0420012910D910B40024074B01F18C
:101010008042013A00EB82021C70C3E90342C3E93B
:101020000544C3E9011010BC70477047E40D04206B
:10103000044B08B19A68026009B1DA680A609869DD
:10104000704700BFE40D042010B9054B18707047BD
:1010500000220120024BDA609A611870704700BFCD
:10106000E40D04200C4B5869A8B19B6803EB800C7D
:10107000ACF1040C0020043B03E041B99C45104452
:1010800009D053F8042F002A4FEA9271F5DA9C45F3
:1010900000F10100F5D17047E40D042010B5C368DC
:1010A0008E46012B84B03AD09BBB0468022C1FD023
:1010B0002B4A90F804C092E80300009029488DF86C
:1010C0000410002303C86A4602908DF80C1002E059
:1010D0000133052B1DD012F8010B8445F8D10120F6
:1010E00010336B4413F8083C8EF8003004B010BD88
:1010F0001D4A017912680929ADF808204FEA124209
:101100008DF80A20EBD00A2927D00B2908BF2346E7
:10111000E5D0002318468EF8003004B010BD0368F7
:10112000022BC5D0114A90F804C092E803006A4629
:1011300000900F48ADF8041003C8ADF80C1012F879
:10114000011B002361450290C9D00133062BE0D07A
:1011500012F8011B6145F8D1C1E70123BFE700BFC9
:10116000289A0000309A0000389A00003C9A00004B
:10117000449A0000C3688C46012B19D04BB9036810
:10118000022B0BD00379072B0DD00B2B08BF0523A7
:101190000AD0002318468CF8003070470379092BD9
:1011A00034D00B2BF5D10A2301208CF80030704786
:1011B0000368022BE6D000B5154A85B090F804E02C
:1011C00092E803006A4600901248ADF8041003C884
:1011D000ADF80C1012F8011B00237145029006D0E7
:1011E0000133062B0BD012F8011B7145F8D11033D7
:1011F0006B4413F8083C01208CF8003003E0002316
:1012000018468CF8003005B05DF804FB0F23CBE7DF
:101210004C9A0000549A0000F0B500270E4605468F
:101220009BB05F4C0DF1340C0FCCACE80F000FCC31
:10123000ACE80F000FCCACE80F0054F8043B0DF104
:101240000C0E0297CCF8003094E80F0037608EE85F
:101250000F00002D3BD0EB680B2B38D8AA68022A70
:1012600035D82969032932D82868042800F29680E5
:10127000DFE800F02F3B54690300297E07A80A919C
:101280000DF1060107920893FFF708FF044618B115
:101290009DF80640013CE4B207A80DF10701FFF7F5
:1012A00069FF20B19DF80730013B2344DCB20222E4
:1012B0006B68284623446B602A6002A9FFF7ACFFE5
:1012C00004226B6802981B1B2A606B6030601BB0A5
:1012D000F0BD686800EB8000800002F0FDF8E9696D
:1012E00002F052F902F016FBF0E768681AAB03EB64
:1012F000820200EB800052F85C3C8000283003FB47
:1013000000F0143002F0E8F8E96902F03DF94FF01E
:101310007C5102F031F802F0FDFAD7E701221AA958
:1013200001EB830353F8343C6968284601FB03331F
:101330001344C5E9002302A9FFF76EFF02230298B8
:101340002B600F30C2E76B69032B25D8DFE803F071
:101350001D1A110201226B6811448B4028466B60F4
:1013600002A92A60FFF758FF0298193003232B6067
:10137000ACE70023284602A92B60FFF74DFF029837
:101380001930F3E701232846F5E76B7E2846002B4A
:101390000CBF04230223EEE71920E7E7002095E7BE
:1013A000B09B00002DE9F84F8568D0F80C90466896
:1013B00090F8108082460C46D0F814B0294630468A
:1013C00009F1FF37B8F1000F41D002F07BFA002895
:1013D00040F09A800BF1FF3BCB452CBF3B465B4670
:1013E0003046CAF81430294628BFBB4602F080F9BF
:1013F00001F07AFC06F0CEFD0246384616460F464E
:1014000001F050FC02460B463046394601F0EEFD35
:10141000064658460F4601F045FC02460B4630464C
:10142000394601F0B9FC02460B460020534906F04C
:10143000E5FD06460F46284601F056FC32463B467F
:1014400001F0AAFC01F042FF2060BDE8F88F02F035
:1014500039FAA0BB0BF1FF3048452ABF3B46034693
:101460003846CAF8143001F01DFC804689463046E3
:10147000294601F07FFF01F037FC0B460246494642
:10148000404601F089FC0246384616460F4601F0F8
:1014900009FC02460B463046394601F0A7FD0646D8
:1014A0000F46284601F020FC02460B4630463946DE
:1014B00001F0BCFA01F00AFF2060BDE8F88F0BF1E3
:1014C000010BCB4554D0584601F0ECFB80468946D1
:1014D00031462846CAF814B001F04CFF01F004FC74
:1014E00042464B4601F058FC80463846894601F09A
:1014F000D9FB02460B464046494601F077FD0246BD
:101500000F4630461646CDE70BF1010BCB4528D0F0
:10151000584601F0C7FB8046894631462846CAF83E
:1015200014B002F0E5F801F0DFFB06F033FD4246AF
:101530004B4601F031FC80463846894601F0B2FB4B
:1015400002460B464046494601F050FD02460B4616
:1015500000200A4906F052FD02460F463046164664
:101560006AE74FF0000B4FF000084FF00009D4E796
:10157000C3464FF000094FF00008A9E700002440DF
:101580002DE9F04302290E46074683B039D8E846D4
:10159000FFF772FA20230DF1040901224946404663
:1015A0008DF80030FFF73EFA46F620430222494606
:1015B0004046ADF80030FFF735FAFFF765FAEEB1B7
:1015C0003C4600256D2704EB8606FFF755FA0122FD
:1015D000494640468DF80070FFF724FA012249463B
:1015E00040468DF80050FFF71DFA0020FFF79AFCE7
:1015F00044F8040BFFF748FAA642E6D103B0BDE871
:10160000F083E846FFF738FA5F230DF10409012261
:10161000494640468DF800300624FFF703FA0025BE
:101620000122494640468DF80050FFF7FBF9013C86
:10163000F6D1023E3D1F0020FFF774FC0134B44296
:1016400045F8040FF7D14FF04430FFF76BFC034629
:101650004FF0443047F82430FFF764FCA500043510
:10166000785103B0BDE8F043FFF70EBAF0B5504E25
:10167000044633780D46012B83B039D0FFF7FCF9CF
:1016800020230122684601A98DF80030FFF7CAF92E
:1016900063BA0222684601A9ADF80030FFF7C2F92B
:1016A000FFF7F2F9FFF7E8F92D230122684601A9B7
:1016B0008DF80030FFF7B6F942F21403A4F5805418
:1016C000A4B29C420CD9022268466DBA01A9ADF8B9
:1016D0000050FFF7A7F903B0BDE8F040FFF7D4B919
:1016E0002846FFF71FFC03B0BDE8F040FFF7CCB978
:1016F000B0F5085F04D36FF00403B36103B0F0BD2D
:101700004FEA900CC0F38704F06828B337690022D1
:101710003B4602E0013282421ED0197804338C42EB
:10172000F8D1736957F822107468034465F31F21D8
:10173000A34247F8221014D24FEA0C6303F0FE4391
:1017400025F07F45B2682B4343F0004342F8203038
:10175000F3680133F360D1E7736971681A188A423C
:1017600003D36FF00303B361C8E734691FFA8CFC3D
:10177000271F376104F804CC54F8047C013365F367
:101780001F274FEA0C6202F0FE4244F8047C25F069
:101790007F45736103442A438B4242F00042E0D20A
:1017A000B36843F82020F3680133F360A6E700BF75
:1017B000E40D042070B51D4C2378012B03D0BDE847
:1017C0007040FFF7BFBB8446E0684FEA9C06CCF34D
:1017D000870E78B1256900222B4602E00132824251
:1017E00008D0197804338E45F8D155F82200C0F39B
:1017F000172070BD6046FFF7A5FB6269E36861686A
:1018000013448B420DD223690132191F216103F861
:10181000046C53F8041C60F31F2143F8041C62613C
:1018200070BD6FF00303A36170BD00BFE40D042021
:1018300030B59DB070221649684603F035FC002291
:10184000144B6C46C3E90522DA601A70FFF71CF9E5
:101850001CAD616834F8080BFFF708FFAC42F8D103
:1018600040F20440FFF7A6FFA0F5AA43013B012B7D
:1018700004D9B0F5AA4F06D01DB030BD0122064BE9
:101880001A701DB030BD0022034B1A701DB030BD60
:101890005C9C0000E40D0420000E042038B50D46C9
:1018A00004464FF40050FFF785FF012D04F020039C
:1018B00013D06BB9230344BF40F4002024F4002468
:1018C00020EA04014FF40050BDE83840FFF7CEBED7
:1018D00040F0200024F02004ECE71BB120F02000B1
:1018E00024F02004220344BF20F4002024F4002428
:1018F00044EA00014FF40050BDE83840FFF7B6BE9F
:10190000034642F2F02043EA8101FFF7AFBE00BF79
:1019100010B504464FF40050FFF74CFF237820F039
:1019200020010BB941F020014FF40050FFF79EFE5B
:101930004FF40650FFF73EFF01466378012BA37872
:1019400008BF40F00101012BE37808BF41F010010E
:10195000012B237908BF41F00401012B637A08BFF2
:1019600041F02001012BA37A08BF41F48071012BC3
:10197000E37A08BF41F00201012B237B08BF41F04D
:101980000801012B08BF41F040014FF40650FFF75A
:101990006DFEA1796379B1FA81F1490949000BB96A
:1019A00041F00101E37942F25000BDE81040012B03
:1019B00008BF41F00401FFF759BE00BF10B504464F
:1019C00042F250102168FFF751FE616842F2581050
:1019D000FFF74CFEA16842F25410FFF747FEE168A2
:1019E00042F25C10FFF742FEBDE810404FF4803138
:1019F00042F20C00FFF73ABE30B50A29044696467B
:101A000085B01AD802298C460BD90831C90041EAA1
:101A10000E01BCB942F2F80005B0BDE83040FFF756
:101A200025BE6D46104BBEF1040F0FCB07C525F840
:101A3000023B4FEA13432B700BD9F82141EA0E0108
:101A4000002CE7D042F2F40005B0BDE83040FFF7CB
:101A50000DBE0CEB8C0C0CF110030DEB030CF444DD
:101A60001CF8101CC900E9E7CC9C000020B34369B6
:101A700010B5033B082B04461BD88369052B18D8E7
:101A8000216842F2FC00FFF7F1FDE268237C616807
:101A9000012B41EA421108BF41F0100142F2F0006F
:101AA000FFF7E4FDD4E905120020FFF7A5FF0020B1
:101AB00010BD6FF0010010BD6FF00200704700BF55
:101AC000036810B5022B04463AD0032B19D042F21A
:101AD0004800216BFFF7CAFD23796279A3F1010366
:101AE000B3FA83F35B0921685B01012A08BF43F065
:101AF000100342F21400BDE8104043EA4101FFF731
:101B0000B5BDA16842F21800FFF7B0FDE16842F2EE
:101B10001C00FFF7ABFD216942F22000FFF7A6FD94
:101B2000616942F22800FFF7A1FDA16942F2240099
:101B3000FFF79CFD42F22C00E169FFF797FDCBE730
:101B4000216A42F23000FFF791FD616A42F23C00E7
:101B5000FFF78CFDA16A42F23800FFF787FD42F2E1
:101B60003400E16AFFF782FDB6E700BFD0E9043236
:101B7000A3F10103B3FA83F310B5044681695B094D
:101B80001B03012A4FEA410108BF43F0010301F49E
:101B9000FF71194342F21000FFF768FD04F1500095
:101BA000FFF764FF2046FFF709FF04F11C00BDE8C2
:101BB0001040FFF785BF00BF38B5214B05461B78A5
:101BC0000C46012B24D00846002101F071FE30B1F3
:101BD000BDE83840002142F23000FFF747BD4FF02A
:101BE0009941284601F0D0FC214601F081FD4FF0DB
:101BF0007C5101F0C1FB01F08DFE0146114B994271
:101C000028BF1946BDE8384042F23000FFF72EBD2C
:101C10000846002101F04CFE0028D9D14FF09D412B
:101C2000284601F0B1FC214601F062FD4FF07C51E5
:101C300001F0A2FB01F06EFE6FF07F430146DEE78C
:101C4000000E0420FFFF0F0038B51B4B05461B7824
:101C50000C46012B19D00846002101F029FE08B1DD
:101C6000002038BD4FF09941284601F08DFC2146F7
:101C700001F03EFD4FF07C5101F07EFB01F04AFE89
:101C80000E4B984228BF184638BD0846002101F087
:101C90000FFE0028E4D14FF09D41284601F074FC6E
:101CA000214601F025FD4FF07C5101F065FB01F06C
:101CB00031FE6FF07F43E4E7000E0420FFFF0F00CA
:101CC00010B50446D0E9023019016368626941EA3F
:101CD0008311237E41EAC00141EA82010BB941F040
:101CE0000101637E0BB941F002012368C3B942F2DE
:101CF0002810FFF7BBFCA18B638B01F03F01C3F3FE
:101D00000B0342F2201043EA0131FFF7AFFC2169D7
:101D100042F22410BDE8104041F02001FFF7A6BCBC
:101D200042F23410FFF7A2FCA18B638B01F03F015C
:101D3000C3F30B0342F22C1043EA0131FFF796FC88
:101D4000216942F23010BDE8104041F02001FFF758
:101D50008DBC00BF10B5017E437EB1FA81F1490907
:101D6000044649000BB941F0010123696268042B64
:101D700018BF41EAC301D4E902304FEA832343EAA2
:101D8000401343EA4233226808BF41F0040119437B
:101D900052B942F2EC00FFF769FC616942F2E400DB
:101DA000BDE81040FFF762BC42F2E800FFF75EFCBE
:101DB000616942F2E000BDE81040FFF757BC00BF88
:101DC00010B50446FFF77CFF04F12000BDE8104089
:101DD000FFF7C0BF10B5044642F24400FFF7EAFC2B
:101DE000237CE268012B00F08001637C41EA020160
:101DF00008BF41F01001A268012BD4E900304FEA7E
:101E0000033343EA002343EA823308BF41F0400131
:101E1000194342F24400FFF729FC237D03B910BDAA
:101E20004FF40050FFF7C6FCBDE8104001464FF4E8
:101E3000005041F48031FFF719BC00BF38B50446AB
:101E400042F2A8100D46FFF7B5FC034623F4F95300
:101E500044EA052123F01F03194342F2A810BDE80C
:101E60003840FFF703BC00BF10B5044642F24400FF
:101E7000FFF7A0FC63680146032B42F2440013D035
:101E800021F08001FFF7F2FB616809052268237ADF
:101E900041EA0211012B42F2D000BDE8104008BF18
:101EA00041F00101FFF7E2BB41F08001FFF7DEFBEB
:101EB0000021EBE710B50446D4E9012321681B0497
:101EC00043EA0223194342F2A810FFF7CFFB04F1C3
:101ED0000C00FFF77FFFA18C42F2A800FFF7C6FBC2
:101EE000E18C42F2AC00FFF7C1FB218D42F2B00061
:101EF000FFF7BCFB618D42F2B400FFF7B7FB04F1C2
:101F00002C00FFF7B1FFD4E90E1294F84030C9015C
:101F100041EA021142F2C410BDE81040012B08BF93
:101F200041F00101FFF7A2BB10B50021044642F2C7
:101F30000800FFF79BFB42F2D810FFF73BFCD4E907
:101F4000012301469B0143EA422301F03F0119436B
:101F500042F2D810FFF78AFB216942F2E01009042F
:101F6000FFF784FB2178E368A1F10101B1FA81F167
:101F7000BDE8104049095B0342F2080043EAC12171
:101F8000FFF774BBA1F101010346B1FA81F15B03D4
:101F9000490942F2080043EAC121FFF767BB00BFCD
:101FA00008B54FF40850FFF705FC000C08BD00BF52
:101FB00038B5044642F20800FFF7FCFB0021054655
:101FC00042F20800FFF752FB42F2D810FFF7F2FB93
:101FD0000146236821F03F01194342F2D81041F035
:101FE0000801FFF743FBE3799BB92379A168A3F1CB
:101FF0000103B3FA83F35B0943EA012142F20400CF
:10200000FFF734FB2946BDE8384042F20800FFF7ED
:102010002DBB002142F20400FFF728FB002142F211
:102020006400FFF723FBE0E70328014600D970476F
:1020300001234FF4866003FA01F1FFF717BB00BFDD
:1020400092B170B504460D468618214642F2D4106E
:10205000FFF70CFB013442F2700055F8041BFFF748
:1020600005FBA642F1D170BD704700BF036870B593
:102070000446032B0BD8DFE803F002261A0ED0E942
:10208000013142F2CC1043EA0141FFF7EFFA237B22
:10209000012B23D070BDD0E9013142F2E41043EAB4
:1020A0000141FFF7E3FA237B012BF3D116E0D0E9DE
:1020B000013142F2D01043EA0141FFF7D7FA237B06
:1020C000012BE7D10AE0D0E9013142F2E81043EAFE
:1020D0000141FFF7CBFA237B012BDBD1D4E9015679
:1020E0002469002ED6D02E44294642F2D410FFF7A0
:1020F000BDFA013542F2700054F8041BFFF7B6FA3E
:10210000B542F1D170BD00BF014642F25400FFF765
:10211000ADBA00BF10B504464FF40060FFF74AFBAC
:102120004FF6FE71012C01EA000108BF41F00101E8
:102130004FF40060BDE81040FFF798BA38B5054687
:102140004FF48260FFF736FB03465C085A0002F446
:10215000007204F48074DBB214431C4344F0200189
:102160004FF48260FFF782FA42F2BC00FFF722FBD5
:10217000012D014642F2BC0011D041F00401FFF7ED
:1021800075FA4FF42160FFF715FB8305F9D524F0AC
:1021900020014FF48260BDE83840FFF767BA21F0B4
:1021A0000401FFF763FA4FF42160FFF703FB820598
:1021B000F9D524F020014FF48260BDE83840FFF7E4
:1021C00055BA00BF38B504464FF42160FFF7F2FA64
:1021D000E37C0546012B35D0237C012B48D0A37C22
:1021E000012B61D0D4E902139B0103F4707301F059
:1021F0003F0119434FF48160FFF738FA0A20FEF7D8
:102200005BFCD4E9003140F2144043EA8101FFF75E
:102210002DFAE37C0BB925F00405237C0BB925F0DE
:102220000205A37C0BB925F001054CF6143140F6EC
:102230000C20FFF71BFA2946BDE838404FF4216017
:10224000FFF714BA4CF6143140F60C2045F00405A3
:10225000FFF70CFA29464FF42160FFF707FA4FF415
:102260002160FFF7A7FA4105F9D5237C012BB6D1F0
:102270004CF6143140F60C2045F00205FFF7F6F954
:1022800029464FF42160FFF7F1F94FF42160FFF781
:1022900091FA8205F9D5607C012818BF0020FFF76C
:1022A0004DFFA37C012B9DD14CF6143140F60C2040
:1022B00045F00105FFF7DAF929464FF42160FFF7F1
:1022C000D5F94FF42160FFF775FAC305F9D589E711
:1022D00070B543F2080343F20C04012818BF1C46F2
:1022E000164620460D46FFF765FA012E0CBF40EA60
:1022F000050120EA05012046BDE87040FFF7B6B9A8
:10230000014643F20400FFF7B1B900BF43F21402E3
:1023100043F2100310B5002814BF104618460C46AF
:10232000FFF748FA204214BF0120002010BD00BF73
:1023300010B5044600202168FFF798F96168042071
:10234000FFF794F9A1680C20FFF790F9E1680820E5
:10235000FFF78CF921691420BDE81040FFF786B91A
:10236000014642F21810FFF781B900BF08B50021FD
:1023700042F21C10FFF77AF9BDE80840012142F251
:102380001C10FFF773B900BF70B506464FF48060AC
:10239000FFF710FA44F24415A84221D0002E4FF066
:1023A000010408DC0BE04FF48060FFF703FAA84259
:1023B00004F1010401D0A642F5D2204670BD4FF4CD
:1023C0008060FFF7F7F9A84204F10104F5D04FF45B
:1023D0008060FFF7EFF9A84204F10104EFD1ECE7C8
:1023E0000124EAE708B5FEF75FFBC820FEF764FBAF
:1023F000FEF752FBBDE808404FF4FA70FEF75CBBF5
:102400002DE9F04F0446D1B0CE4D0DF1340E0F46FC
:102410000FCDAEE80F000FCDAEE80F0005F11C06A2
:1024200055F8043B0DF11C08CEF800300FCDA8E89C
:102430000F0095E803000DF1580C88E803000FCE5B
:10244000ACE80F000FCEACE80F0096E80F008CE868
:102450000F00002C00F0A18265680021284601F0E1
:1024600027FA002840F09682002F00F09682B649A5
:10247000E06801F045FA6369B0F1000818BF4FF059
:102480000108082B00F017820DAA52F82360284695
:1024900000F02AFC0022AD4B00F07EFC8246304664
:1024A0008B4600F0FFFB02460B465046594600F0B3
:1024B0009DFD00F00BFFA649814601F00DFA05468F
:1024C0004846002D40F0E581A24901F005FA064694
:1024D0004846002E00F036829E4901F009F99E49D7
:1024E00001F052F8014600F047FF012601F012FA10
:1024F00000EB060929FA06F940F2FF7343F20C00DB
:10250000994528BF9946FFF755F9034643F20C0059
:102510000093FFF74FF9014643F20C0041F002012E
:10252000FFF7A4F84FF40050FFF744F9014621F4F7
:10253000471121F47F5141F400214FF4005041F044
:102540002001FFF793F80023844A03A8CDF8153043
:1025500004930392FFF7DCF90723CDE9376539933C
:1025600004F110050DF58E7C04F1300E66462868E6
:102570006968AA68EB68103575450FC60CF1100C38
:10258000F4D14FF4007328680125CCF8000035938E
:1025900040F60213369302233A9340F20113ADF84A
:1025A000EC306F4BA6681B780021AB4230460CBF65
:1025B0004FF01E0B4FF01A0BCDE93355D4F800A0A5
:1025C00001F076F9002840F08781ABF12001CBF1D2
:1025D000200325FA03F305FA01F1194305FA0BF07C
:1025E00000F094FF514600F0CFFF314601F080F833
:1025F0004FF07C5100F0C0FE01F08CF9BBF11A0FD6
:10260000584B18BF6FF07F43984228BF18460025EB
:10261000CDE9420933A8CDE94455FFF7A7FA0122D5
:102620001421ADF8A420CDE923128DF8A82024228E
:102630002292032288F001032893A36B216CE06BA4
:102640002792626C26932DAB2C9507C3636B22A84F
:102650002593CDE930552B953295FFF72BFC4FF4A0
:102660000050FFF7A7F8014641F4881141F4646176
:102670004FF40050FEF7FAFF4FF40050FFF79AF8BE
:1026800001464FF4005041F48141FEF7EFFF19205D
:10269000FEF712FA4FF40050FFF78CF801464FF4A2
:1026A000005041F40141FEF7E1FF43F21400FFF74F
:1026B00081F88007F9D54FF40050FFF77BF8014609
:1026C00021F441414FF4005021F08001FEF7CEFF8C
:1026D000022143F20400FEF7C9FF42F27800FFF73F
:1026E00069F8054642F27C00FFF764F8804642F242
:1026F000A810FFF75FF8014621F4F95121F01F01FE
:1027000041F4807141F0010142F2A810FEF7AEFFE2
:102710004FF40050FFF74EF801464FF4005041F4DB
:102720008141FEF7A3FF1920FEF7C6F94FF40050D0
:10273000FFF740F801464FF4005041F40141FEF725
:1027400095FF11E0DC9C00000050C34B00809640D8
:10275000000020420000484300E0FF440101010066
:10276000000E0420FFFF0F0043F21400FFF722F8D1
:102770008107F9D54FF40050FFF71CF8014621F40A
:1027800041414FF4005021F08001FEF76FFF02211C
:1027900043F20400FEF76AFF42F27800FFF70AF8FE
:1027A000814642F27C00FFF705F8AA0344BF6FEAB6
:1027B00085356FEA953518F4003F1CBF6FEA8838FD
:1027C0006FEA983819F4003F1CBF6FEA89396FEA45
:1027D000993910F4003F824618BF6FEA803A2846C4
:1027E00018BF6FEA9A3A00F07BFE0646C8F1000077
:1027F00000F076FE31460546304600F0C5FE29461B
:102800008046284600F0C0FE0146404600F0B4FD78
:102810008046C9F1000000F063FE8146504600F09A
:102820005FFE49468246304600F0AEFE51460190BA
:10283000284600F0A9FED4F804B00146019800F043
:102840009BFD414600F054FF594600F09DFE0346B3
:10285000514630461E4600F097FE0346494628463C
:102860001D4600F091FE0146284600F083FD4146DA
:1028700000F03EFF594600F087FEA36C04466BBB98
:10288000009B3E609B07786050D5002051B0BDE8AA
:10289000F08F434900F02CFF424900F075FE0146DD
:1028A00000F06AFD012501F035F800EB05092E4620
:1028B00029FA05F920E6636AA6690A2B3FF4E7AD19
:1028C00050AA02EB830353F8E82CA36A07A951F836
:1028D000233013441E44DAE5002098E631463046A2
:1028E00000F052FE21460546204600F04DFE01460E
:1028F000284600F041FD00F0F7F905F0EDFB00F08F
:10290000E5FC034630463B6000F0EEF902460D461A
:102910002046144600F0E8F92B46224605F038FB25
:1029200000F0D4FC009B78609B07AED443F20C000F
:10293000FEF740FF014643F20C0021F00201FEF7D2
:1029400095FEA2E7184900F0C7FF0546484685B145
:10295000154900F0CDFE134900F016FE014600F0C7
:102960000BFD012500F0D6FF00EB050929FA05F95A
:10297000C2E50E4900F0BCFE0A4900F005FE014622
:1029800000F0FAFC00F0C6FF00F101092E464FEA04
:102990005909B1E56FF0010078E76FF0020075E7C3
:1029A0000000204200E0FF440000A0430000C844B3
:1029B000FEE700BF0848094A08B5904207D2013A2D
:1029C000121A22F003020649043202F06DFB00F0F5
:1029D00009F8FDF709FC00BF00000420C40504202D
:1029E00084A0000044F659020A4BDA605A6942F0AA
:1029F00003025A61EFF3108272B64FF4E021064BE6
:102A0000064898605962BFF36F8FBFF34F8F82F310
:102A10001088704700C0044000ED00E00000000096
:102A200081F0004102E000BF83F0004330B54FEA7F
:102A300041044FEA430594EA050F08BF90EA020FEC
:102A40001FBF54EA000C55EA020C7FEA645C7FEA7F
:102A5000655C00F0E2804FEA5454D4EB5555B8BFA2
:102A60006D420CDD2C4480EA020281EA030382EA13
:102A7000000083EA010180EA020281EA0303362DA5
:102A800088BF30BD11F0004F4FEA01314FF4801C78
:102A90004CEA113102D0404261EB410113F0004F8A
:102AA0004FEA03334CEA133302D0524263EB430341
:102AB00094EA050F00F0A780A4F10104D5F1200EDF
:102AC0000DDB02FA0EFC22FA05F2801841F100013A
:102AD00003FA0EF2801843FA05F359410EE0A5F10E
:102AE00020050EF1200E012A03FA0EFC28BF4CF03F
:102AF000020C43FA05F3C01851EBE37101F00045F5
:102B000007D54FF0000EDCF1000C7EEB00006EEB01
:102B10000101B1F5801F1BD3B1F5001F0CD349088B
:102B20005FEA30004FEA3C0C04F101044FEA4452E2
:102B300012F5800F80F09A80BCF1004F08BF5FEA69
:102B4000500C50F1000041EB045141EA050130BD49
:102B50005FEA4C0C404141EB0101013C28BFB1F55B
:102B6000801FE9D291F0000F04BF01460020B1FAA6
:102B700081F308BF2033A3F10B03B3F120020CDA79
:102B80000C3208DD02F1140CC2F10C0201FA0CF057
:102B900021FA02F10CE002F11402D8BFC2F1200CBC
:102BA00001FA02F120FA0CFCDCBF41EA0C01904072
:102BB000E41AA2BF01EB0451294330BD6FEA0404BB
:102BC0001F3C1CDA0C340EDC04F11404C4F12002A6
:102BD00020FA04F001FA02F340EA030021FA04F3B8
:102BE00045EA030130BDC4F10C04C4F1200220FA0F
:102BF00002F001FA04F340EA0300294630BD21FA4D
:102C000004F0294630BD94F0000F83F4801306BF12
:102C100081F480110134013D4EE77FEA645C18BF06
:102C20007FEA655C29D094EA050F08BF90EA020F9D
:102C300005D054EA000C04BF1946104630BD91EA95
:102C4000030F1EBF0021002030BD5FEA545C05D198
:102C50004000494128BF41F0004130BD14F58004D7
:102C60003CBF01F5801130BD01F0004545F0FE414B
:102C700041F470014FF0000030BD7FEA645C1ABF80
:102C8000194610467FEA655C1CBF0B46024650EAB7
:102C9000013406BF52EA033591EA030F41F40021E3
:102CA00030BD00BF90F0000F04BF0021704730B569
:102CB0004FF4806404F132044FF000054FF000013E
:102CC00050E700BF90F0000F04BF0021704730B5FF
:102CD0004FF4806404F1320410F0004548BF4042D4
:102CE0004FF000013EE700BF42004FEAE2014FEA29
:102CF00031014FEA02701FBF12F07F4393F07F4F04
:102D000081F06051704732F07F4208BF704793F006
:102D10007F4F04BF41F40021704730B54FF4607419
:102D200001F0004521F000411CE700BF50EA01021C
:102D300008BF704730B54FF000050AE050EA0102C5
:102D400008BF704730B511F0004502D5404261EB35
:102D500041014FF4806404F132045FEA915C3FF476
:102D6000D8AE4FF003025FEADC0C18BF03325FEA13
:102D7000DC0C18BF033202EBDC02C2F1200300FAC4
:102D800003FC20FA02F001FA03FE40EA0E0021FAE9
:102D900002F11444BDE600BF70B54FF0FF0C4CF4D7
:102DA000E06C1CEA11541DBF1CEA135594EA0C0F89
:102DB00095EA0C0F00F0DEF82C4481EA030621EAC4
:102DC0004C5123EA4C5350EA013518BF52EA0335FF
:102DD00041F4801143F4801338D0A0FB02CE4FF0B1
:102DE0000005E1FB02E506F00042E0FB03E54FF0E1
:102DF0000006E1FB03569CF0000F18BF4EF0010ED9
:102E0000A4F1FF04B6F5007F64F5407404D25FEAD4
:102E10004E0E6D4146EB060642EAC62141EA555187
:102E20004FEAC52040EA5E504FEACE2EB4F1FD0CC9
:102E300088BFBCF5E06F1ED8BEF1004F08BF5FEA47
:102E4000500E50F1000041EB045170BD06F00046F9
:102E500046EA010140EA020081EA0301B4EB5C04A6
:102E6000C2BFD4EB0C0541EA045170BD41F480119E
:102E70004FF0000E013C00F3AB8014F1360FDEBFC3
:102E8000002001F0004170BDC4F10004203C35DA9F
:102E90000C341BDC04F11404C4F1200500FA05F322
:102EA00020FA04F001FA05F240EA020001F00042C3
:102EB00021F0004110EBD37021FA04F642EB060139
:102EC0005EEA430E08BF20EAD37070BDC4F10C0463
:102ED000C4F1200500FA04F320FA05F001FA04F227
:102EE00040EA020001F0004110EBD37041F1000113
:102EF0005EEA430E08BF20EAD37070BDC4F120051E
:102F000000FA05F24EEA020E20FA04F301FA05F285
:102F100043EA020321FA04F001F0004121FA04F22D
:102F200020EA020000EBD3705EEA430E08BF20EAFD
:102F3000D37070BD94F0000F0FD101F00046400037
:102F400041EB010111F4801F08BF013CF7D041EAB9
:102F5000060195F0000F18BF704703F000465200BD
:102F600043EB030313F4801F08BF013DF7D043EA8E
:102F70000603704794EA0C0F0CEA135518BF95EA44
:102F80000C0F0CD050EA410618BF52EA4306D1D1CB
:102F900081EA030101F000414FF0000070BD50EAEA
:102FA000410606BF1046194652EA430619D094EA74
:102FB0000C0F02D150EA013613D195EA0C0F05D15E
:102FC00052EA03361CBF104619460AD181EA0301B2
:102FD00001F0004141F0FE4141F470014FF000006A
:102FE00070BD41F0FE4141F4780170BD70B54FF005
:102FF000FF0C4CF4E06C1CEA11541DBF1CEA135585
:1030000094EA0C0F95EA0C0F00F0A7F8A4EB050466
:1030100081EA030E52EA03354FEA013100F088805D
:103020004FEA03334FF0805545EA131343EA126326
:103030004FEA022245EA111545EA10654FEA0026DB
:103040000EF000419D4208BF964244F1FD0404F594
:10305000407402D25B084FEA3202B61A65EB0305F0
:103060005B084FEA32024FF480104FF4002CB6EBAD
:10307000020E75EB030E22BFB61A754640EA0C002D
:103080005B084FEA3202B6EB020E75EB030E22BF6D
:10309000B61A754640EA5C005B084FEA3202B6EBAE
:1030A000020E75EB030E22BFB61A754640EA9C006D
:1030B0005B084FEA3202B6EB020E75EB030E22BF3D
:1030C000B61A754640EADC0055EA060E18D04FEAFB
:1030D000051545EA16754FEA06164FEAC30343EA9B
:1030E00052734FEAC2025FEA1C1CC0D111F4801F68
:1030F0000BD141EA00014FF000004FF0004CB6E761
:1031000011F4801F04BF01430020B4F1FD0C88BFFF
:10311000BCF5E06F3FF6AFAEB5EB030C04BFB6EB0A
:10312000020C5FEA500C50F1000041EB045170BDFD
:103130000EF0004E4EEA113114EB5C04C2BFD4EB2A
:103140000C0541EA045170BD41F480114FF0000EAE
:10315000013C90E645EA060E8DE60CEA135594EA2A
:103160000C0F08BF95EA0C0F3FF43BAF94EA0C0F2D
:103170000AD150EA01347FF434AF95EA0C0F7FF4A2
:1031800025AF104619462CE795EA0C0F06D152EAF6
:1031900003353FF4FDAE1046194622E750EA4106DA
:1031A00018BF52EA43067FF4C5AE50EA41047FF4EB
:1031B0000DAF52EA43057FF4EBAE12E74FF0FF3C50
:1031C00006E000BF4FF0010C02E000BF4FF0010C21
:1031D0004DF804CD4FEA410C7FEA6C5C4FEA430C9A
:1031E00018BF7FEA6C5C1BD001B050EA410C0CBFE9
:1031F00052EA430C91EA030F02BF90EA020F00204B
:10320000704710F1000F91EA030F58BF994208BFB1
:1032100090422CBFD8176FEAE37040F0010070476E
:103220004FEA410C7FEA6C5C02D150EA013C07D1C5
:103230004FEA430C7FEA6C5CD6D152EA033CD3D010
:103240005DF8040B704700BF8446104662468C460A
:103250001946634600E000BF01B5FFF7B7FF00283D
:1032600048BF10F1000F01BD4DF808EDFFF7F4FF66
:103270000CBF012000205DF808FB00BF4DF808EDF1
:10328000FFF7EAFF34BF012000205DF808FB00BF14
:103290004DF808EDFFF7E0FF94BF012000205DF836
:1032A00008FB00BF4DF808EDFFF7CEFF94BF0120EB
:1032B00000205DF808FB00BF4DF808EDFFF7C4FFE4
:1032C00034BF012000205DF808FB00BF4FEA410237
:1032D000B2F1E04324BFB3F5001CDCF1FE5C0DD974
:1032E00001F0004C4FEAC0024CEA5070B2F1004FBE
:1032F00040EB830008BF20F00100704711F0804FC1
:1033000021D113F13872BCBF01F00040704741F485
:1033100080114FEA5252C2F11802C2F1200C10FA89
:103320000CF320FA02F018BF40F001004FEAC1236D
:103330004FEAD32303FA0CFC40EA0C0023FA02F311
:103340004FEA4303CCE77FEA625307D150EA0133E7
:103350001EBF4FF0FE4040F44000704701F00040B7
:1033600040F0FE4040F40000704700BF80F0004095
:1033700002E000BF81F0004142001FBF5FEA41034D
:1033800092EA030F7FEA226C7FEA236C6AD04FEA4D
:103390001262D2EB1363C1BFD21841404840414092
:1033A000B8BF5B42192B88BF704710F0004F40F444
:1033B000000020F07F4018BF404211F0004F41F460
:1033C000000121F07F4118BF494292EA030F3FD02C
:1033D000A2F1010241FA03FC10EB0C00C3F120033F
:1033E00001FA03F100F0004302D5494260EB4000CE
:1033F000B0F5000F13D3B0F1807F06D340084FEA39
:10340000310102F10102FE2A51D2B1F1004F40EB2D
:10341000C25008BF20F0010040EA03007047490095
:1034200040EB0000013A28BFB0F5000FEDD2B0FA32
:1034300080FCACF1080CB2EB0C0200FA0CF0AABF55
:1034400000EBC25052421843BCBFD04018437047F3
:1034500092F0000F81F4000106BF80F400000132F9
:10346000013BB5E74FEA41037FEA226C18BF7FEAD0
:10347000236C21D092EA030F04D092F0000F08BF12
:103480000846704790EA010F1CBF0020704712F0F9
:103490007F4F04D1400028BF40F00040704712F138
:1034A00000723CBF00F50000704700F0004343F09D
:1034B000FE4040F4000070477FEA226216BF0846D3
:1034C0007FEA23630146420206BF5FEA412390EA96
:1034D000010F40F4800070474FF0000304E000BF8C
:1034E00010F0004348BF40425FEA000C08BF70473D
:1034F00043F0964301464FF000001CE050EA010201
:1035000008BF70474FF000030AE000BF50EA010215
:1035100008BF704711F0004302D5404261EB410102
:103520005FEA010C02BF84460146002043F0B64327
:1035300008BFA3F18053A3F50003BCFA8CF2083A4C
:10354000A3EBC25310DB01FA02FC634400FA02FC55
:10355000C2F12002BCF1004F20FA02F243EB02005C
:1035600008BF20F00100704702F1200201FA02FCBE
:10357000C2F1200250EA4C0021FA02F243EB0200B1
:1035800008BF20EADC7070474FF0FF0C1CEAD052F5
:103590001EBF1CEAD15392EA0C0F93EA0C0F6FD0B6
:1035A0001A4480EA010C400218BF5FEA41211ED094
:1035B0004FF0006343EA501043EA5111A0FB013180
:1035C0000CF00040B1F5000F3EBF490041EAD37155
:1035D0005B0040EA010062F17F02FD2A1DD8B3F1D1
:1035E000004F40EBC25008BF20F00100704790F040
:1035F000000F0CF0004C08BF49024CEA502040EA92
:1036000051207F3AC2BFD2F1FF0340EAC250704757
:1036100040F400004FF00003013A5DDC12F1190F95
:10362000DCBF00F000407047C2F10002410021FA07
:1036300002F1C2F1200200FA02FC5FEA310040F11F
:10364000000053EA4C0308BF20EADC70704792F098
:10365000000F00F0004C02BF400010F4000F013AD0
:10366000F9D040EA0C0093F0000F01F0004C02BFCB
:10367000490011F4000F013BF9D041EA0C018FE73A
:103680000CEAD15392EA0C0F18BF93EA0C0F0AD040
:1036900030F0004C18BF31F0004CD8D180EA010066
:1036A00000F00040704790F0000F17BF90F0004FFF
:1036B000084691F0000F91F0004F14D092EA0C0FE1
:1036C00001D142020FD193EA0C0F03D14B0218BF74
:1036D000084608D180EA010000F0004040F0FE40BA
:1036E00040F40000704740F0FE4040F44000704756
:1036F0004FF0FF0C1CEAD0521EBF1CEAD15392EAD5
:103700000C0F93EA0C0F69D0A2EB030280EA010CC4
:1037100049024FEA402037D04FF0805343EA11115D
:1037200043EA10130CF000408B4238BF5B0042F1BB
:103730007D024FF4000C8B4224BF5B1A40EA0C0060
:10374000B3EB510F24BFA3EB510340EA5C00B3EB92
:10375000910F24BFA3EB910340EA9C00B3EBD10F80
:1037600024BFA3EBD10340EADC001B0118BF5FEAD2
:103770001C1CE0D1FD2A3FF650AF8B4240EBC250FB
:1037800008BF20F0010070470CF0004C4CEA5020BC
:103790007F32C2BFD2F1FF0340EAC250704740F40B
:1037A00000004FF00003013A37E792F0000F00F0FD
:1037B000004C02BF400010F4000F013AF9D040EA7B
:1037C0000C0093F0000F01F0004C02BF490011F40F
:1037D000000F013BF9D041EA0C0195E70CEAD15307
:1037E00092EA0C0F08D142027FF47DAF93EA0C0FEE
:1037F0007FF470AF084676E793EA0C0F04D14B02D2
:103800003FF44CAF08466EE730F0004C18BF31F083
:10381000004CCAD130F000427FF45CAF31F000437D
:103820007FF43CAF5FE700BF4FF0FF3C06E000BF16
:103830004FF0010C02E000BF4FF0010C4DF804CD39
:103840004FEA40024FEA41037FEA226C18BF7FEA49
:10385000236C11D001B052EA530C18BF90EA010F4B
:1038600058BFB2EB030088BFC81738BF6FEAE170DA
:1038700018BF40F0010070477FEA226C02D15FEA76
:10388000402C05D17FEA236CE4D15FEA412CE1D0E2
:103890005DF8040B704700BF844608466146FFE7A9
:1038A0000FB5FFF7C9FF002848BF10F1000F0FBD8B
:1038B0004DF808EDFFF7F4FF0CBF012000205DF884
:1038C00008FB00BF4DF808EDFFF7EAFF34BF012009
:1038D00000205DF808FB00BF4DF808EDFFF7E0FFA2
:1038E00094BF012000205DF808FB00BF4DF808EDF3
:1038F000FFF7D2FF94BF012000205DF808FB00BF56
:103900004DF808EDFFF7C8FF34BF012000205DF837
:1039100008FB00BF42000ED2B2F1FE4F0BD34FF0B6
:103920009E03B3EB126209D44FEA002343F0004335
:1039300023FA02F070474FF00000704712F1610F58
:1039400001D1420202D14FF0FF3070474FF000002A
:10395000704700BF53B94AB9002908BF00281CBFEF
:103960004FF0FF314FF0FF3000F05CB9ADF1080CC3
:103970006DE904CE00F006F8DDF804E0DDE902238D
:1039800004B070472DE9F04786468C460846154638
:1039900074461946089E002B40F0C2808542B2FA58
:1039A00082F245D94AB1C2F1200300FA02FC2EFA94
:1039B00003F3954043EA0C0C94404FEA154EBCFBD0
:1039C000FEF8A8B20EFB18CC08FB00F9230C43EA62
:1039D0000C43994528D9EB1808F1FF3704D29945D3
:1039E00002D9A8F102072B44A3EB0903B3FBFEFCA9
:1039F0000EFB1C330CFB00F0A4B244EA0344A042CB
:103A000014D92C190CF1FF3304D2A04202D9ACF125
:103A100002032C44241A43EA07401EB10023D44079
:103A200034607360BDE8F0874746DDE76346F1E741
:103A300092BB0121431B4FEA154EB3FBFEFCAFB214
:103A40000EFB1C330CFB07F8200C40EA034398459F
:103A500062D9EB180CF1FF3004D2984502D9ACF1D1
:103A600002002B44A3EB0803B3FBFEFC0EFB1C334C
:103A70000CFB07F7A4B244EA0344A7424ED92C1921
:103A80000CF1FF3304D2A74202D9ACF102032C445B
:103A9000E41B43EA0040C0E7C2F12003954020FA4E
:103AA00003F12EFA03F34FEA154EB1FBFEFC9040F2
:103AB0000343AFB20EFB1C100CFB07F8190C41EAD4
:103AC0000041884504FA02F422D969180CF1FF304C
:103AD00004D2884502D9ACF102002944A1EB0801C7
:103AE000B1FBFEFC0EFB1C110CFB07F79BB243EA7B
:103AF00001439F420ED9EB180CF1FF3104D29F42D3
:103B000002D9ACF102012B44DB1B41EA004192E7F0
:103B10006046E3E76146F7E76046A3E76346B7E739
:103B2000834206D916B9002108467BE7C6E900E0C2
:103B3000F9E7B3FA83F78FB9834201D3724508D806
:103B4000BEEB020460EB030301209C461EB900217A
:103B500068E73846FAE7C6E9004CF8E7C7F1200CF9
:103B6000BB4022FA0CF41C434FEA144920FA0CF330
:103B7000B3FBF9F8B8402EFA0CF101430EFA07F541
:103B800009FB18301FFA84FE08FB0EFA0B0C43EAFF
:103B900000439A4502FA07F240D9E31808F1FF30D2
:103BA00004D29A4502D9A8F102002344A3EB0A03E8
:103BB000B3FBF9F809FB183308FB0EFE89B241EAA2
:103BC00003418E452CD9611808F1FF3304D28E458C
:103BD00002D9A8F10203214443EA0040A0FB029865
:103BE000A1EB0E014145CE46434602D306D14D45D9
:103BF00004D2B9EB020E68EB04030138002EA6D004
:103C0000B5EB0E0261EB030101FA0CFC22FA07F39B
:103C10004CEA0303F940C6E9003198E74046C5E79E
:103C20004346D9E7704700BF002301461A461846AD
:103C300001F0DEBA0A22002100F0C2B80A230022F5
:103C400000F0AEB808B5064B044613B1002101F0F0
:103C50002DFB044B1B6803B19847204604F096F9EE
:103C6000AD5200003C0F0420242B2DE9F84F42D820
:103C7000012B40D01F468E468046484875461EF8A8
:103C800001BB10F80B4014F00804F7D1BBF12D0F65
:103C90006FD06FF00049BBF12B0F04BF9EF800B04E
:103CA00005F1020E7BBBBBF1300F4CD00A273B461F
:103CB0000025B9FBF7F6284607FB169A05E03BD02E
:103CC000012507FB00C01EF801BBABF1300CBCF1B5
:103CD000090F06D9ABF1410CBCF1190F1AD8ABF1A1
:103CE000370C63451FDDB5F1FF3FECD08642E6D2CD
:103CF0004FF0FF35E7E701F035F9162203460020C3
:103D00001A60BDE8F88F102BD2D1BBF1300F23D051
:103D10001F46CDE7ABF1610CBCF1190F03D8ABF135
:103D2000570C6345DFDC6B1C2BD054B9002AE8D05C
:103D300085BB1160BDE8F88FE245C1DA4FF0FF3571
:103D4000C1E74042F2E79EF8003003F0DF03582B52
:103D500008D008273B46ABE79EF8000000F0DF00E4
:103D60005828D5D110279EF801B03B460EF1020E1F
:103D70009EE79EF800B04FF00049012405F1020EC5
:103D800090E72223C8F8003032B10EF1FF314846E7
:103D90001160CFE78146F8E74846B2E7C99D0000C9
:103DA00062E700BF8C4600B586461346034A71465B
:103DB00010685DF804EB624656E700BFFC03042080
:103DC0008C4600B586461346034A714610685DF876
:103DD00004EB624648E700BFFC0304202DE9F04DE8
:103DE000002B88B014461D46109E1299DDF85080B5
:103DF00041DB0022B8F1650F0A7039D040DCB8F120
:103E0000450F35D0B8F1460F5FD103230093139BC4
:103E10002246CDE9016307AB049306AB03932B461F
:103E200001F050FB074628F02003462B07EB06085D
:103E300005D13B78302B3CD0139B1E68B044204604
:103E4000294600220023FFF70FFA00283BD1079BE9
:103E5000984506D930215A1C07921970079B434593
:103E6000F9D33846159ADB1B136008B0BDE8F08D16
:103E700002230136CAE703F1004B2D225D46B9E764
:103E8000B8F1660FC1D0139B2246CDE9016302232E
:103E9000009307AB049306AB03932B4601F012FB90
:103EA000B8F1670F0746BED1119BDB0721D4079BF2
:103EB000D7E70022002320462946FFF7D5F9D8B1DD
:103EC000139B1B6898444346CBE7139B2246CDE9DE
:103ED00001630223009307AB049306AB03932B46C5
:103EE00001F0F0FAB8F1470F07469CD1119BDB07B0
:103EF000DDD507EB0608A2E7139BC6F101061E609D
:103F00009CE700BF0029B4BF2D232B2330B5B8BFD9
:103F10004942092983B0027043702CDD0DF107047A
:103F20002346194D8C461A46A5FB01E3DB0803EB3B
:103F3000830EA1EB4E0101F1300EBCF1630F194667
:103F400002F801EC02F1FF33ECDC303103F8011C24
:103F5000931EA34200F102050AD2411C13F801CBC3
:103F6000A34201F801CFF9D10DF109039B1A1D44B9
:103F7000281A03B030BD3023051D1944C170837069
:103F8000281A03B030BD00BFCDCCCCCC2DE9F04F0A
:103F900091B00C46DDF8688016461F46054600F0D5
:103FA00085FF036818460A9301F0F4F800230E9386
:103FB000D8F800300B90073323F0070303F1080211
:103FC000D4F800A094F818B0C8F80020D3E900890C
:103FD00029F000430993CDF820804FF0FF32DDE94E
:103FE0000801C4E91289A04B03F074FF40B9DDE970
:103FF00008014FF0FF329C4BFFF74AF9002877D0B9
:1040000042464B464046494603F064FF002840F0D4
:104010003B8263684AF480615A1C0BF0DF0A35D09A
:10402000BAF1470F00F0288100932160019100212F
:1040300006910EA905910DA903910DF13301424698
:104040004B462846CDF810B00291FFF7C7FE8046D8
:10405000BBF1650F0D993AD9BBF1660F00F02E81C7
:104060000E9B8B4240F335810029CCBF0122C1F168
:104070000202134423614FF0000AA1659DF833301A
:10408000002B4DD02D2384F8433049E0216001916D
:104090000021062006910EA9CDF810B060600591B0
:1040A0000DA903910DF13301424600904B4628467D
:1040B0000291FFF793FEBAF1470F8046C8D10D99E0
:1040C000C81C80F2F480ABF1020B5FFA8BFB5A46FE
:1040D000013904F150000D91FFF714FF0E9A82464A
:1040E0001318012A236140F3428101332361C5E79C
:1040F0004046494600220023FFF7C0F810B12D23A7
:1041000084F843302AF0040323600323574A2361D1
:10411000574B4FF0000ABBF1470F8CBF90469846B3
:1041200033462146284600970FAA00F0D1F9013006
:1041300023D0236858052BD44246314628462369AC
:10414000B847013019D022689207E0680F9B19D553
:10415000984217DD4FF0000804F1190904E0E06807
:104160000F9BC21A42450DDD01234A4631462846BF
:10417000B847013008F10108F1D14FF0FF3011B01C
:10418000BDE8F08F9842B8BF184611B0BDE8F08F77
:10419000BBF1650F33D9D4E9120100220023FFF7E8
:1041A00063F8002800F09D80012331462846314AFB
:1041B000B8470130E1D0DDE90D3A534502DB226812
:1041C000D107C1D5DDE90A2331462846B847013079
:1041D000D3D0BAF1010FB6DD4FF000080AF1FF3A73
:1041E00004F11A0901E0D045ADD001234A46314619
:1041F0002846B847013008F10108F4D1BDE7DDF8E1
:104200003890B9F1010F40F39D80012342463146B9
:104210002846B8470130B0D0DDE90A2331462846A8
:10422000B8470130A9D0D4E912010022002309F1D6
:10423000FF3BFFF719F8002800F09E80B9F1010F4D
:1042400040F38B804FF0000804F11A0902E0D845D2
:1042500000F0838001234A4631462846B8470130A2
:1042600008F10108F3D188E7FFFFEF7F609A0000B3
:104270005C9A00006C9A00000BB901236360009304
:1042800021600191002106910EA905910DA90391CC
:104290000DF13301424602914B462846CDF810B04D
:1042A000FFF79CFD0D998046C81CFFF60CAF6368B4
:1042B00099423FF708AF4FF0670BD1E600296368DA
:1042C0005EDD2161002B00F08D8001330B44236102
:1042D000D1E623682161DB077FF5CDAE4B1C23615E
:1042E000C9E60D9B002B52DD0E9BD4F858B09946C1
:1042F0005B45A8BFD946B9F1000F089309DD4B46CD
:10430000424631462846B84701303FF436AFD4F82C
:1043100058B029EAE972934571DD4FF0000A9346DF
:1043200004F11A0904E0A36DA3EB0B02524565DD0D
:1043300001234A4631462846B84701300AF1010AAE
:10434000F1D11AE7D9073FF560AF42460123314664
:104350002846B84701303FF410AF5346314628464F
:1043600004F15002B84701307FF4EDAE05E7226852
:10437000D2077FF583AEB8E65B4608F10102E6E7B7
:10438000002B34D12268D20731D4012372E60123F5
:10439000314628464B4AB84701303FF4EEAEDDE9DE
:1043A0000D3A5AEA030324D0DDE90A2331462846B0
:1043B000B84701303FF4E1AE0D9B002B79DA4FF0A6
:1043C000000B04F11A0903E00D9B5B425B4570DDB5
:1043D00001234A4631462846B84701300BF1010B0C
:1043E000F2D1CAE62268D0077FF545AE6DE7023309
:1043F00040E62268D3077FF5A7AED5E79B460D9B25
:10440000089A9A4202DC2268D00708D5DDE90A231F
:1044100031462846B84701303FF4AFAE0D9B089AAD
:10442000A2EB0B0AD31A9A45A8BF9A46BAF1000F1D
:1044300091460BDD53463146284608EB0B02B84740
:1044400001303FF49AAE4A460D9BD31A2AEAEA7A23
:1044500053457FF778AE4FF00008DDF820B004F147
:104460001A0907E00D9BABEB0303A3EB0A034345DB
:104470007FF769AE01234A4631462846B8470130E6
:1044800008F10108EED178E64B46002BBCBF2D2386
:1044900084F843302AF00403236003230A4A23618B
:1044A0000A4B4FF0000ABBF1470F8CBF904698466D
:1044B00036E65346424631462846B84701307FF437
:1044C00042AE5AE66C9A0000689A0000649A0000B6
:1044D0002DE9F84F92461F460A698B680C469A42AE
:1044E000B8BF1A46CAF8002091F843300646DDF8F6
:1044F000289013B10132CAF80020226891065FD5D6
:10450000DAF800300233CAF80030226812F0060FE1
:1045100011461DD1E1689942D8BF114618DD4FF010
:10452000000804F1190B05E0E568DAF80030ED1A2F
:1045300045450CDD01235A4639463046C84701300F
:1045400008F10108F0D14FF0FF30BDE8F88F216885
:1045500094F84330003B18BF01238A060AD5302166
:10456000E21882F8431094F845105A1C2244023392
:1045700082F843103946304604F14302C8470130FF
:10458000E1D0D4E902202368DAF8005003F00603F2
:10459000042B21691BD08A4220DD4FF00008521AFB
:1045A000904400251A3401E0454517DA01232246DC
:1045B00039463046C847013005F10105F4D1C2E75C
:1045C00012F0060F0DD0003B18BF0123D2E7401BAD
:1045D0008A4220EAE078E2DC0028E2DC0020BDE844
:1045E000F88FE168DAF800309942D8BF114696DCBE
:1045F000AEE700BF2DE9F04717460A7E84B00C46AF
:10460000064698460C9D01F1430C002A35D0A2F1D4
:104610005803D9B2202969D8202B67D8DFE813F0D6
:10462000E6006600660066006600660066006600DA
:10463000660066006600AC007000660066006600FA
:104640006600700066006600660066002100830058
:10465000C60066006600B60066008300660066005D
:10466000EC002B682268181D6169286010061B6821
:1046700002D4520600F1E08019600023E146236174
:104680003B4621463046CDF8008003AAFFF720FFC5
:10469000013020D04A46394630462369C0470130B0
:1046A00019D02368E0689B07DDF80C9018D54845C1
:1046B00016DD002504F1190A04E0E068A0EB090307
:1046C000AB420DDD0123524639463046C04701302A
:1046D00005F10105F1D14FF0FF3004B0BDE8F087DE
:1046E0004845B8BF484604B0BDE8F087012084F8CB
:1046F000422004F142090023206184F84330BFE7DF
:104700002A682368111D1806296002D4590600F191
:1047100095801068014600286268C0F293804FF0CF
:104720000A0E534815E020682B6810F0800F53F8EC
:10473000041B02D1400648BF89B26F2A14BF4FF054
:104740000A0E4FF0080E4A482B600023626884F876
:104750004330002AA26051DB236823F00403236066
:1047600000294BD1002A7BD1E146BEF1080F56D07B
:10477000ACEB0903236183E72A6801201168043246
:104780002A6004F1420984F84210B4E72B68002142
:104790001A1D2A60D3F800906268484600F038FC81
:1047A000002863D0A0EB09006060A4E7236843F011
:1047B0002003236078222F4884F845202A6813F0CC
:1047C000800F52F8041B03D113F0400F18BF89B2B9
:1047D0002A60DA0744BF43F02003236019B9236835
:1047E00023F0200323604FF0100EAEE7582320483B
:1047F00084F845302368E1E72368DBE77546E14646
:10480000B1FBF5F30A4605FB131A194610F80A30F6
:10481000AA4209F8013DF3D2BEF1080FA8D12368DE
:10482000DD07A5D5626823699A42A1DC302309F12E
:10483000FF3989F800309BE719801EE7B2F90010B4
:10484000084668E72D20002AA26084F8430002DBB6
:1048500023F0040323600A250548AE464942CEE70B
:10486000037804F1420984F842307EE7606842E749
:10487000709A0000849A0000F8B5B1F90C300C462B
:104880001E07074639D44A68002A53DDE56A002D21
:1048900031D000223E683A6013F48052216A55D12B
:1048A00001233846A847451C024663D0B4F90C30B2
:1048B000E56A216A580705D56368D21A636B0BB1A4
:1048C000236CD21A00233846A847421C40D000224D
:1048D000236962602360A389DB0400D56065616B96
:1048E0003E6041B104F14403994202D0384601F0E0
:1048F00043FD002363630020F8BD0E69002EFAD04B
:104900009B0718BF00230D6808BF4B690E60AD1BE5
:104910008B600CE02B463246D4F828C03846216A1A
:10492000E047B0F1000CA5EB0C05664406DD002D58
:10493000F0DCE0E70A6C002AA8DCDCE7B4F90C3014
:1049400043F040034FF0FF30A381F8BD626DB1E743
:104950003968B4F90C301D29F2D80B4ACA40D50782
:10496000EED50022626022692260DA04B7D5002900
:10497000B4D0B4E73B68002B98D01D2B01D0162B88
:10498000DCD13E60B7E700BF0100402038B50B69BD
:10499000CBB10C46054608B1036ABBB1B4F90C3083
:1049A0008BB1626ED00701D4990512D528462146F5
:1049B000FFF762FF636E0546DA0702D4A3899B0501
:1049C0000BD5284638BD0025284638BD00F03CF9F7
:1049D000E4E7A06D00F012FBE8E7A06D00F016FB25
:1049E000EFE700BF014618B1044B1868FFF7CEBFD0
:1049F000034A0449044800F077B900BFFC030420CF
:104A0000F00304208D49000000040420024A0349F9
:104A1000034800F069B900BFF00304208D4900008D
:104A2000000404200C4B416810B59942044601D0A3
:104A3000FFF7ACFFA168094B994202D02046FFF76F
:104A4000A5FFE168064B994204D02046BDE810401E
:104A5000FFF79CBF10BD00BF040E04206C0E0420A5
:104A6000D40E042008B54B6EDA0702D48B899B055F
:104A700001D5002008BD886D00F0C0FA002008BDF7
:104A800008B54B6EDA0702D48B899B0501D500204F
:104A900008BD886D00F0BAFA002008BD2DE9F84382
:104AA00000250423304C3149DFF8C490DFF8C4807E
:104AB000314F324E0822C4F8381104F15C00294607
:104AC000C4E90335C4E90055C4E90555A560656628
:104AD00000F09AF904F15800C4E90849C4E90A87CA
:104AE000266300F083FA264B2946082204F1C4000D
:104AF0006367C4E91A55C4E91E552567C4F8CC504C
:104B0000C4F8805000F080F904F1680304F1C0009B
:104B1000C4F88830C4E92398C4E9257600F066FA21
:104B2000184B294604F596700822C4F8DC30C4E915
:104B30003455C4E93855C4F8D850C4F83451C4F8D1
:104B4000E85000F061F904F1D003C4E93E87C4F8ED
:104B5000F49004F59470C4F80061C4F8F030BDE836
:104B6000F84300F043BA00BF040E04200D4A0000D1
:104B7000754D00009D4D0000DD4D0000014E000010
:104B80000900010012000200F8B506462A4800F0AC
:104B900035FA2A4BD3F83831002B43D0284FD7E9C8
:104BA0000134013B04D524E05A1C04F1680420D0F0
:104BB000B4F90C50013B002DF6D1224B04F1580002
:104BC000E360656600F012FA1B4800F01FFA082245
:104BD0002946C4E90155C4E904552560A56104F1DD
:104BE0005C0000F011F9C4E90D55C4E912552046E6
:104BF000F8BD3D680DB12F46D1E74FF4D671304670
:104C000001F04EFC044680B1042305602946254688
:104C10000C304FF4D072A060636000F0F5F83C6097
:104C20002F46BCE7FFF73AFFB8E703483C6000F0C7
:104C3000EDF90C233360DAE7600F0420040E042042
:104C4000F00304200100FFFF10B504460B4800F0FC
:104C5000D5F9236A2BB90A4B0A4AD3F838312262B4
:104C600023B1BDE81040054800F0D0B9FFF716FFAA
:104C7000BDE81040014800F0C9B900BF600F042032
:104C8000040E0420254A0000014800F0B7B900BF17
:104C9000600F0420014800F0B9B900BF600F042084
:104CA00008B5054800F0AAF9BDE808400020034A0D
:104CB000034900F019B800BF600F0420F00304207E
:104CC000654A000008B50020044A054900F00CF8C8
:104CD000BDE80840034800F099B900BFF003042084
:104CE000814A0000600F04202DE9F8434FF00009CD
:104CF00080460F461646D6E90154013D10D4A389DB
:104D0000012B08D9B4F90E30013304D021464046B6
:104D1000B84749EA0009013D6B1C04F16804EED173
:104D20003668002EE7D14846BDE8F8830EB400B5DA
:104D300082B003AB53F8042B8168019302F0E0F9D1
:104D400002B05DF804EB03B0704700BF0FB400B5CC
:104D5000074A83B004AB106853F8042B81680193B1
:104D600002F0CEF903B05DF804EB04B0704700BF69
:104D7000FC03042010B50C46B1F90E1000F0C6F883
:104D8000002803DB636D0344636510BDA38923F42E
:104D90008053A38110BD00BF002070472DE9F04172
:104DA0000C46B1F90C101F46CB05054616460BD430
:104DB00021F48051A1813B4632462846B4F90E10B9
:104DC000BDE8F04100F0B8B8B4F90E10022300229B
:104DD00000F086F8B4F90C10EAE700BF10B50C46F5
:104DE000B1F90E1000F07CF8B4F90C30421C0EBF83
:104DF00023F4805343F480536065A38110BD00BF4A
:104E0000B1F90E1000F05AB870B5860747D0541E9D
:104E1000002A3ED00346CAB201E0013C39D303F870
:104E2000012B9D07F9D1032C2CD9CDB205EB05251B
:104E30000F2C1A4605EB054534D9A4F1100C2CF0C3
:104E40000F0603F1100EB6444FEA1C1CC2E90055D0
:104E5000C2E9025510327245F8D10CF1010214F08A
:104E60000C0F03EB021204F00F0C13D0ACF104038F
:104E700023F003030433134442F8045B9342FBD151
:104E80000CF003042CB1C9B21C4403F8011BA3426B
:104E9000FBD170BD64461346002CF4D1F9E70346FC
:104EA0001446C0E7A446E1E7F03070470048704779
:104EB000400504200048704740050420002238B512
:104EC000064D044608462A60FCF720F8431C00D033
:104ED00038BD2B68002BFBD0236038BD400F042069
:104EE00038B50C46114600228446074D20462A60FC
:104EF0001A466446FCF712F8431C00D038BD2B68F4
:104F0000002BFBD0236038BD400F042038B50C4681
:104F1000114600228446074D20462A601A46644600
:104F2000FBF7FEFF431C00D038BD2B68002BFBD0E5
:104F3000236038BD400F042038B50C4611460022CE
:104F40008446074D20462A601A466446FBF7BEFF9A
:104F5000431C00D038BD2B68002BFBD0236038BD2C
:104F6000400F0420014B1868704700BFFC03042069
:104F700070B50F4B0F4DAB42A3EB050607D00024D5
:104F8000B61055F8043B01349847A642F9D804F00E
:104F900039FD094D094B5E1BAB424FEAA60606D010
:104FA000002455F8043B01349847A642F9D870BD57
:104FB000BC050420BC050420BC050420C005042059
:104FC00038B5074D074C2C1BA41005D0013C55F8F3
:104FD000043D9847002CF9D1BDE8384004F018BDD5
:104FE000C4050420C0050420704700BF704700BFFF
:104FF000704700BF704700BF704700BF704700BFD9
:105000000120704701207047704700BF704700BF04
:105010005FFA81FC810744D00346511E22B909E0A2
:105020009A0709D0013905D3184602780133624541
:10503000F6D1704700207047184603290CD8002984
:10504000F8D00346014401E08B42F3D0184613F830
:10505000012B6245F8D1704710B50CEB0C240246C9
:1050600004EB044402E00439032915D9104652F830
:10507000043B6340A3F1013E2EEA030313F0803F9B
:10508000F1D00346014401E08B4208D0184613F8E2
:10509000012B6245F8D110BD10460029F1D1002046
:1050A00010BD1146C9E700BF844641EA000313F072
:1050B000030349D1403A23D30B6803604B68436034
:1050C0008B688360CB68C3600B6903614B69436184
:1050D0008B698361CB69C3610B6A03624B6A43626C
:1050E0008B6A8362CB6AC3620B6B03634B6B436354
:1050F0008B6B8363CB6BC36340304031403ADBD270
:1051000030320BD30B6803604B6843608B6883605D
:10511000CB68C36010301031103AF3D20C3205D393
:1051200051F8043B40F8043B043AF9D2043208D069
:10513000D2071CBF11F8013B00F8013B01D30B88DB
:1051400003806046704700BF082A13D38B07B1D095
:1051500010F00303AED0C3F10403D21ADB071CBF67
:1051600011F8013B00F8013BA4D331F8023B20F8D1
:10517000023B9FE7043AD9D3013A11F8013B00F80A
:10518000013BF9D20B7803704B7843708B788370B6
:105190006046704720F0030110F00300C0F10000EA
:1051A00051F8043B00F1040C4FEACC0C6FF0000204
:1051B0001CBF22FA0CF213434FF0010C4CEA0C2CEA
:1051C0004CEA0C4CA3EB0C0222EA030212EACC12CA
:1051D00004BF51F8043B0430F4D0C2F1000102EAEC
:1051E0000102B2FA82F2C2F11F0200EBD200704754
:1051F0002DE9F04DDFF8A0B00746DBF800001E46B1
:1052000088469246FFF7FAFE244B1D6835B36C685A
:105210001F2C3ADCB7B1D5F8880040B3D0F8003184
:105220000122A24000EB84011343022F40F824A086
:10523000C0F80031C1F8806004D1D0F804311343C4
:10524000C0F80431631C0234DBF800006B6045F8E1
:105250002480FFF7DBFE0020BDE8F08D104A1A60C5
:10526000104B13B11B68C2F888300D4DCFE70E4BC1
:105270005BB14FF4847001F0DDF830B100236C684D
:10528000C0E94033C5F88800CAE7DBF80000FFF743
:10529000BDFE4FF0FF30DFE74C040420F00F042088
:1052A000640F0420000000003564000003462DE96F
:1052B000F04F324ADFF8C89083B0106888460193F7
:1052C000FFF79CFED9F80060002E32D07568D6F842
:1052D00088706C1E2DD4013506EB850507F1800B17
:1052E000B8F1000F2CD173682A68013BA34216BFA6
:1052F000002374602B60BAB1D6F804A08FB30123E9
:10530000D7F80011A3400B422BD0D7F8040157F86F
:10531000241003422FD1019890477368D9F80020D8
:10532000534524D1B24222D1013C631CA5F10405AE
:10533000D6D1124B186803B0BDE8F04FFFF766BE38
:1053400057B15BF824304345CDD0013C621CA5F138
:105350000405EED0002FF4D1013CEAD3013CFBD28E
:10536000E7E790477368D9F800205345DAD0002A60
:10537000DFD01646AAE708469047CEE74C04042043
:10538000F00F0420000000002DE9F04F03690C69C4
:1053900085B0A342C0F291808146013C01F1140521
:1053A00009F1140855F8243058F824C001339C45FD
:1053B000BCFBF3F64FEA840005EB840708EB84029C
:1053C00043D34FF0000CAA46CDE90105C64663461B
:1053D00065469346CDF80C805AF8040BDEF80020A1
:1053E0001FFA80FC06FB0C554FEA10484FEA154C9B
:1053F00006FB08CCADB290B2401B18441FFA8CF3E8
:10540000C3EB204303EB124380B240EA034057450D
:105410004EF8040B4FEA1C454FEA2343DCD2DDE98A
:105420000105DDF80C8058F8003073B9ABF10402C7
:10543000904504D307E0904504F1FF3403D252F8BD
:105440000439002BF7D0C9F81040484601F0BAFBE8
:1054500000282EDB4146002255F8040BD1F800C08D
:105460001FFA80FE1FFA8CF3A3EB0E031344020C09
:10547000C2EB234202EB1C429BB243EA0243AF421F
:1054800041F8043B4FEA2242E6D258F8242008EBC8
:1054900084036AB9043B434504D807E0984504F106
:1054A000FF3403D253F80429002AF7D0C9F810407A
:1054B0000136304605B0BDE8F08F002005B0BDE8EC
:1054C000F08F00BF2DE9F04F16461F46C5699DB00D
:1054D000CDE90667299C0390002D00F0B28329686E
:1054E00051B101236A6893404A608B6001F0A4F8CF
:1054F0000022039BDB691A60B7F10009B4BF0123E6
:1055000000232360784BBCBF29F00049CDF81C90E4
:1055100033EA090300F0AE80DDE90634184621467F
:1055200000220023CDE90401FDF79EFE804668B10C
:105530000123289A13602A9B13B16C4B2A9A13609B
:105540006B4B089308981DB0BDE8F08F1AAB019320
:105550001BAB00930398DDE9042301F091FC5FEAA3
:105560001955824640F09C80DDE91A85454405F2D4
:105570003243202B40F39983C3F1400309FA03F926
:1055800005F2124326FA03F349EA0300FDF78AFB0A
:105590000123013D1193A1F1F8710022554BFDF754
:1055A00043FA4BA3D3E90023FDF7F6FB4AA3D3E963
:1055B0000023FDF73BFA064628460F46FDF782FB1F
:1055C00047A3D3E90023FDF7E7FB02460B4630462D
:1055D0003946FDF72BFA06460F4602F091FC0022F1
:1055E00004460990002330463946FDF747FE00285F
:1055F00040F03483099CA8EB0508162C08F1FF3B0A
:1056000000F21383DDE904013B4B03EBC403D3E950
:105610000023FDF733FE002874D0631E0993002396
:10562000BBF1000F1093C0F2068300230B93099B7C
:10563000002B6DDA099B0B9A0E93D21A5B420F93E3
:1056400000230993269B0B92092B69D8052BC4BF15
:10565000043B2693269BC8BF0025A3F10203D8BFB5
:105660000125032B00F24C86DFE813F07A0477045F
:105670006E04500442F20F73289AC9F3130959EAD1
:10568000060913601CD12A9B002B00F02F861B4BB0
:10569000089308332A9A089813601DB0BDE8F08F6C
:1056A000DDE90412C2F31303084643F07F51CDF83D
:1056B0004480A5F2FF35DDF8688041F440116CE7C5
:1056C0002A9B002B40F0FE830D4B08933AE700BF66
:1056D00061436F63A787D23FB3C8608B288AC63FF8
:1056E000FB799F501344D33F0000F07F6D9A000078
:1056F0006C9A00000000F83FE09E0000989A0000BD
:10570000A49A0000B8F1000F40F3AF8410900B9002
:10571000099B9B440E9300230F93269B092B95D93D
:10572000002326934FF0FF3301250A9300230C95A5
:1057300027930021039BDB6959600A9B1893039808
:1057400000F03AFF0890002800F0E385039B089AD8
:10575000DB691A600A9B0E2B00F20D81002D00F010
:105760000A810E99002940F34E84AE4B01F00F02DE
:1057700003EBC2030A46D3E90067D2054FEA2115BD
:1057800040F11084DDE90401A74B4FF00309D3E990
:105790000823FDF72BFCCDE9120105F00F058DB1B3
:1057A000DFF88482EB0709D5D8E900233046394673
:1057B000FDF7F2FA06460F4609F101096D1008F1EE
:1057C0000808EFD1DDE912013B463246FDF70EFC39
:1057D00007468846109B43B1002238464146934B0A
:1057E000FDF74CFD002840F012854846FDF76AFAA7
:1057F0003A464346FDF7D0FA8D4B0022FDF716F9E5
:105800000A9B0446A1F15075002B00F09D800E9B71
:1058100019930A9B12934146384602F071FB129984
:10582000804BCDE9144503EBC10353E9023405462F
:10583000CDE91634FDF746FA0B4602464146384696
:10584000FDF7F2F8089F0C9B30357E1CECB28046C9
:1058500089463546002B00F06B84DDE916230020D5
:105860007449FDF7C3FBDDE91423FDF7DDF83C7057
:1058700042464B4604460D46FDF71EFD002840F00B
:10588000B984CDF858B0CDF850A0AB460027A24659
:10589000129D2AE00137AF4280F2018550465946F9
:1058A0000022654BFDF778FA0022634B82468B4657
:1058B00040464946FDF770FA8946804602F020FBD3
:1058C0000446FDF7FFF902460B4640464946FDF700
:1058D000ABF8303452465B4606F8014B80468946A9
:1058E000FDF7CCFC002840F0D78442464B46002010
:1058F0004E49FDF799F852465B46FDF7BFFC00287C
:10590000C8D0199B3746DDF850A0089A03F101086A
:1059100002E0974200F0A1843E4617F8013D392B82
:10592000F7D00133DBB245463B706DE14846FDF7E9
:10593000C9F93A464346FDF72FFA00223C4BFDF7E2
:1059400075F80446A1F15075384600223B4B41469C
:10595000FDF76AF822462B4606460F46FDF7ACFCDB
:10596000002840F0898430463946224605F100433C
:10597000FDF784FC28BB1B9B002BC0F291800E9A84
:105980000E2A00F38D80274B0E9A03EBC203D3E956
:105990000034CDE90634279B002B19DA0A9B002B33
:1059A00016DC0ED1DDE906010022244BFDF7F4F9E7
:1059B00002460B46DDE90401FDF76AFC002800F011
:1059C0005B8400231F46089E0493279BDD4340E22F
:1059D000089B5D1CDDE90678DDE904013A46434693
:1059E000FDF704FB02F08CFA0646FDF76BF93A4628
:1059F0004346FDF7D1F902460B46DDE90401FDF708
:105A000013F8089A06F1300313700A9B2F46012BF6
:105A100000F036830125CDF810A0A846DDE906ABDD
:105A200099462BE0E09E0000D09F00000000F03F70
:105A300000001C400000E03F000024400000144033
:105A400052465B4620462946FDF7D0FA02F058FA46
:105A50000646FDF737F952465B46FDF79DF908F11A
:105A600001080B46024629462046FCF7DDFF06F1F9
:105A70003003C84507F8013B00F0008300228D4B3E
:105A8000FDF78AF90022002304460D46FDF7ECFBE2
:105A90000028D5D00E9D3E46DDF810A00135B3E0BC
:105AA0000C9A002A40F0EE8000231F460F9E0B9DAB
:105AB0000C9365B1BBF1000F09DD5D452B46A8BF16
:105AC0005B460B9AED1AD21A0B92ABEB030B0F9BB2
:105AD00053B10C9B13B1002E40F00B8351460F9A2B
:105AE000039800F08BFF82460121039800F0BEFE70
:105AF000099B0490002B40F0D081269B012B40F3A2
:105B0000E6810120584410F01F0000F0B480C0F17D
:105B10002003042B40F3F5810B9BC0F11C000344D0
:105B20000B93054483440B9B002B05DD51461A461D
:105B3000039800F0D3FF8246BBF1000F05DDDDE9DD
:105B400003015A4600F0CAFF0490109B002B40F05E
:105B500089810A9B002B40F361810C9B002B40F054
:105B6000B8800E9D01350126DDF82080049CDDF80B
:105B700028B0DDF80C9007E0514600230A22484681
:105B800000F07EFD8246013621465046FFF7FCFBC1
:105B9000B34500F1300008F8010BEDDC0A9B8146AB
:105BA000002BCCBF1E4601260024089B03EB060BEE
:105BB00051460122039800F091FF0499824601F0BA
:105BC00001F8002840F30282089A02E0934500F0B1
:105BD00015821BF8013C5E46392B0BF1FF3BF5D0DB
:105BE00001338BF80030DDE90381404600F024FDED
:105BF00057B12CB1BC4203D02146404600F01CFDF9
:105C00003946039800F018FD5146039800F014FD42
:105C100000233370289B1D602A9B002B3FF492AC1D
:105C200008981E601DB0BDE8F08F0123BBF1000F86
:105C30001093BFF6FAACC8F101034FF0000B0B93C1
:105C4000F5E4102000F0F6FB039BD861002800F07B
:105C50005183C0E90055C0E902554DE42046FDF7E7
:105C600031F832463B46FDF7FFFA00287FF4C2AC1C
:105C7000631E0993BEE41C230B9A1D441A440B9225
:105C80009B4450E7269A012A40F3AB810A9A0F9B66
:105C9000561EB342C0F26781002AA3EB060680F2CB
:105CA000EF82DDE90A239D1A6AE1C3F1200306FAB7
:105CB00003F06BE400002440394600230A220398D5
:105CC00000F0DEFC189B0746002B40F302830E9683
:105CD0000A93002D05DD39462A46039800F0FEFEA2
:105CE0000746099B002B40F0E881B846089B0A9CB8
:105CF0001E46013B1C44069B03F00103CDE90A4309
:105D0000039C04995046FFF73FFB394683465046B3
:105D100000F058FF049905464246204600F072FF05
:105D2000C36801460BF13009ABBB0990504600F047
:105D300049FF09990990204600F07EFC099A002A43
:105D400054D1269B1BB90B9B002B00F0AE82002D7B
:105D50003FDBB3460A9B0BF8019BB34200F0C481C2
:105D6000514600230A22204600F08AFC474582461D
:105D700039464FF000034FF00A02204630D000F0C1
:105D80007FFC414600230A220746204600F078FCAB
:105D90005E468046B5E7039800F04EFC002D06DB1A
:105DA000069B03F00102269B1D432A4329D151463D
:105DB0000122039800F092FE0499824600F002FF4F
:105DC000002840F3F780B9F1390F00F04B820BF156
:105DD00031090E9D3C460135474606F8019B02E716
:105DE00000F04EFC5E46074680468AE7002DC0F272
:105DF000A282269B1D430B9B1D4300F09C82002A20
:105E0000A7DDB9F1390F00F02D820E9D09F10103D4
:105E10003C460135474606F8013BE4E6269B022B4B
:105E20007FF79BAE0A9B002B40F026810522049948
:105E3000039800F025FC01460490504600F0C2FE95
:105E4000002840F3198131230E9D089E013506F884
:105E5000013BDDE9030100F0EFFB0135002F7FF48A
:105E6000CFAED1E65046049900F0ACFE0028BFF654
:105E700070AE514600230A2203980E9C00F000FCED
:105E80000C9B8246661E002B7FF416AF189B002BDE
:105E900040F312820E9D0A9365E601461A46039866
:105EA00000F0ACFD269B0490012B6FDD00230993CD
:105EB000049A136902EB8303186900F087FCC0F1B0
:105EC00020001FE6964B08930333FFF7E3BB069BC6
:105ED000002B7FF416AEDDE90612C2F31303002B8C
:105EE0007FF40FAE8F4B13402BB10B9B0BF1010BCB
:105EF00001330B930123099A0993002A3FF401AE61
:105F0000D6E73FF410AEC0F13C03B5E601230C9395
:105F1000279B0E9A134418930133012B1F46B8BFD9
:105F200001270A93039B172FDE6940F200820122AA
:105F300004235B0003F11400B842114602F1010290
:105F4000F7D97160FFF7FBBB01230C93279B002B54
:105F500037DD1F4618930A93E4E700230C93D7E735
:105F600000230C93F2E70F9B0F96F31A0026099A71
:105F70001A4409920B9B0A9A1D46134493440B93AF
:105F80000121039800F072FC074692E5069B002B66
:105F90008CD1DDE90601C1F313030A46002BA1D021
:105FA000099085E7DDE904344FF00209CDE91234A8
:105FB000FFF7F5BB7FF40DAF19F0010F7FF403AFCE
:105FC00007E7012327930A93FFF7B3BB03D119F027
:105FD000010F7FF4F9AD5E461BF8013D302BFAD07E
:105FE00001E6119A002A00F0088103F233430B9A6C
:105FF0000F9E15461A449B440B92C1E73123089A21
:1060000001351370EFE500F0FC80DDE904010E9A24
:10601000454B554205F00F0203EBC203D3E90023C1
:10602000FCF7BAFE2D11CDE9120100F059810023D1
:106030004FF00209074688463C4EEC070AD5D6E9E0
:10604000002338464146FCF7A7FE01230746884651
:1060500009F101096D1006F10806EED1002B7FF45D
:10606000B9ABDDE91278FFF7B5BBC8F10103834690
:106070000B931090FFF74CBB089EA6E4DDF810A030
:1060800002460B46FCF7D2FC02460B460E9DCDE9BC
:106090000423DDE906230135A846FDF70DF940B9D3
:1060A000DDE90623DDE90401FDF7DEF818B1F007AC
:1060B00001D5089A30E43E46A6E50398796800F0D9
:1060C0007BFA0546002800F02B813B6907F10C01A3
:1060D00002339A000C30FEF7E7FF012229460398AD
:1060E00000F0FCFC804601E60E9D3C46013547462B
:1060F0005EE5039C39463246204600F07FFC0746A9
:1061000052463946204600F0C7FB5146824620469B
:1061100000F092FA0F9B9B1B0F933FF4E5ACDDE47C
:10612000A49A00000000F07FE09E0000D09F0000D5
:10613000DDE91623DDE91401FCF72EFE089BCDE90D
:106140000C011C70129B012B00F0C180129F089B58
:1061500011961F440022804B40464946FCF71CFE26
:106160000D46044601F0CCFE8146FCF7ABFD02462D
:106170000B4620462946FCF757FC09F1300906F882
:10618000019BB74280468946E4D1119D0022DDE99A
:106190000C01724BFCF74AFC02460B46404649464E
:1061A000FDF78AF8002871D1DDE90C2300206B4946
:1061B000FCF73AFC02460B4640464946FDF75EF8BE
:1061C00088B91B9B002BFFF66FAC0E9B0E2B3FF785
:1061D0006BAC634B0E9A03EBC203D3E90034CDE9F9
:1061E0000634FFF7F7BB17F8013C3E46302B07F1AA
:1061F000FF37F8D0199D013506E51A9BC3F1360328
:10620000F5E64FF00209DDE90478FFF7E3BA0A9BEF
:10621000002B3FF48BAB189C002C7FF7ACAB0E9B94
:106220003846013B4146002219934B4BFCF7B4FD25
:1062300002468846174609F10100FCF743FD3A463D
:106240004346FCF7A9FD0022464BFCF7EFFB1294F6
:10625000A1F150750446FFF7DEBA312308F10108B9
:10626000FFF761BBB34639230E9D3C46089A47466B
:1062700001350BF8013BACE400231F460493E2E533
:106280000B9B93441D4613440B9379E6199B089A84
:1062900003F10108FFF740BBDDF850A0AAE7DDF8E5
:1062A00058B0DDF850A0FFF766BBB9F1390FD9D06F
:1062B000002D3FF78CAD8CE5269B022B03DC189B51
:1062C0000E9D0A934FE4189B0E960A93AAE5374653
:1062D0005CE7269B022BF6DC189B0E960A93F8E4EB
:1062E0004FF00209DDE91278FFF774BA1E4B0893EC
:1062F000FFF728B90246EF211C4B1D4801F01EFB99
:10630000002503982946C3695D6000F055F908909F
:10631000A8B9002240F2AF11164B154801F00EFB50
:10632000024640F2EF21134B114801F007FB002118
:106330007160FFF704BA002A3FF739AD49E5039BC6
:106340000899DB694FF0FF321960012327951892F5
:106350000C930A92FFF70FBB000024400000E03FBF
:10636000E09E000000001C40989A0000A89A0000DF
:10637000C09A0000FC9A0000002950D038B551F8AE
:10638000043C0C1F002BB8BFE418054600F008F9C8
:10639000274A13682BB1A3420CD9216860188342A5
:1063A0002CD0284663601460BDE8384000F0FEB889
:1063B000A3420FD81A465B68002BF9D11168501818
:1063C000844217D02CD3636054602846BDE838401F
:1063D00000F0ECB811685018A04214D020D8216801
:1063E00060188342EFD118685B680844C4E9000371
:1063F0005460EAE723680B441360E6E718685B68BB
:1064000008442060CDE720680144501883421160A1
:10641000DBD1D3E900040144C2E90014D5E7704799
:106420000C2328462B60BDE8384000F0BFB800BF01
:10643000F80F0420024B0146186800F031B800BF85
:10644000FC030420024B01461868FFF795BF00BF0C
:10645000FC03042070B5114E054633680C46BBB1F1
:106460002146284601F058FA431C01460CD0C41CB2
:1064700024F00304A04205D02846611A01F04CFA2A
:10648000013001D0204670BD4FF0FF34204670BD72
:10649000194601F041FA3060E2E700BFF40F042032
:1064A0002DE9F843CD1C25F0030508350C2D38BF28
:1064B0000C25002D064618DBA94216D8DFF8DC8033
:1064C00000F06EF8D8F80420A2B1144603E0636827
:1064D00022467BB11C4623685B1BF8D40B2B1FD8CC
:1064E0009442636854D053600CE00C233360002066
:1064F000BDE8F88329463046FFF7ACFF431C04464D
:1065000019D00560304600F051F804F10B00231D4E
:1065100020F00700C21A1CBF1B1AA350BDE8F88365
:1065200061199442256014BF5160C8F8041063518A
:1065300063684B60E6E7D8F804701FB33C467F6899
:10654000002FFBD123683946304604EB030901F0E4
:10655000E3F9814516D123683046ED1A2946FFF745
:1065600079FF01300ED02368D8F804202B44236033
:10657000536883B1A34203D01A465B689C42FBD1A7
:106580000023B0E70C233046336000F00FF8AEE78D
:10659000C8F80430B6E7C8F80470B3E7F40F042075
:1065A0000148FEF72BBD00BF540F04200148FEF741
:1065B0002DBD00BF540F042070B5C66905460C46BA
:1065C0005EB1F368A3B153F82400E8B1026843F860
:1065D00024200023C0E9033370BD1020FFF72AFFF9
:1065E0000646E861E8B10023C0E90033C0E90233A0
:1065F00021220421284601F0C7F9EB69F060DB682D
:10660000002BE0D1002070BD0121284601FA04F5DD
:106610006A1D920001F0B8F90028F3D0C0E90145E5
:10662000D7E702466B21024B024801F087F900BF11
:10663000A89A0000109B000070B5C66905460C467C
:106640004EB13CB1EB696268DB6853F822102160FF
:1066500043F8224070BD1020FFF7ECFEE86120B146
:10666000C0E90066C0E90266EBE702468F21024BF3
:10667000024801F063F900BFA89A0000109B0000D7
:106680002DE9F0414FF0000E0E461C460D690746FD
:1066900001F1140001680EF1010E8BB202FB0343FD
:1066A000090C4FEA134C02FB01CC9BB203EB0C43E9
:1066B000754540F8043B4FEA1C44EBDC3CB1B36841
:1066C000AB4207DD06EB850301355C613561304681
:1066D000BDE8F081716838460131FFF76DFF8046F3
:1066E00090B1326906F10C01023292000C30FEF7D3
:1066F000DBFC314646463846FFF79EFF06EB850336
:1067000001355C613561E2E70246BA21014B02487E
:1067100001F014F9FC9A0000109B00002DE9F843E9
:106720001E460C4626490833174681FB032C092ECA
:106730004FEAE3730546C3EB6C0339DD4FF0010C00
:1067400000214FEA4C0C634501F10101F9DC2846B8
:10675000FFF732FF014668B3089B092F43614FF0F2
:106760000103036112DC09270A34BE420BDDF61B6C
:10677000264414F8013B0A222846303BFFF780FFED
:10678000B4420146F5D10846BDE8F88304F1090991
:10679000C8463C4418F8013B0A222846303BFFF724
:1067A0006FFFA0450146F5D1A7F108044C44DCE792
:1067B0000021CCE70246D321024B034801F0BEF88A
:1067C000398EE338FC9A0000109B0000B0F5803F42
:1067D00003463ABF102083400020B3F1807F3CBFC6
:1067E0001B020830B3F1805F3CBF1B010430B3F1E2
:1067F000804F03D3002B06DB013070479B0003D48E
:106800005B0003D42020704702307047033070478C
:106810000368014613F0070209D0DA0721D498076C
:106820004BBF5B089B08012002200B60704798B2A9
:10683000A0B11046DAB20AB908301B0A1A0704BF21
:106840001B0904309A0704BF9B080230DA0703D4FF
:106850005B0800F1010006D00B6070471020C340B8
:10686000E8E7002070472020704700BF10B50C46B5
:106870000121FFF7A1FE024618B10123C0E904344B
:1068800010BD40F24511024B024801F057F800BF1D
:10689000FC9A0000109B00002DE9F04FD1F8108009
:1068A00015690E46A845924685B005DB2A46534633
:1068B00045468A4690461E46DAF80830DAF8041053
:1068C00005EB0804A342B8BF0131FFF775FE0028AD
:1068D00000F0898000F1140707EB840E774505D29C
:1068E0003B46002243F8042B9E45FBD8143606EBAA
:1068F00088080AF11409464509EB850566D2A5EB1F
:106900000A03153B23F003030AF1150A0433554526
:106910002CBF9B464FF0040BCDF808E08246AE46F4
:10692000039405E0090C2AD1B04507F104074AD9C0
:1069300056F8041B8DB2002DF4D0CC463C46002303
:1069400001965CF8040B216886B28AB205FB062228
:10695000000C090C05FB00111A4401EB124192B224
:1069600042EA0142E64544F8042B4FEA1143E8D8D5
:10697000019E47F80B3056F8041C090CD4D00022B5
:106980003B6848461D463C46944602889BB201FB44
:1069900002C202EB154243EA024344F8043B50F8BA
:1069A000043B25684FEA134CABB201FB0C33704536
:1069B00003EB12434FEA134CE7D3B04547F80B30D3
:1069C00007F10407B4D8DDE902E45046002C02DCEC
:1069D00005E0013C03D05EF8043D002BF9D00461D2
:1069E00005B0BDE8F08F02464FF4B171014B02488B
:1069F00000F0A4FFFC9A0000109B00002DE9F0417C
:106A000012F003031446074682B02DD10E46A4109F
:106A10001CD0FA698AB39568002D39D0E3074FF08E
:106A2000000806D4641011D0286898B10546E30721
:106A3000F8D531462A463846FFF72EFF0346314641
:106A400038461E46FFF7F8FD6410EDD1304602B01F
:106A5000BDE8F0812A4629463846FFF71DFF286029
:106A60000546C0F80080E2E7184A013B52F82320AF
:106A70000023FFF705FE0646C9E71020FFF7DAFC02
:106A80000246F861E0B10023C0E90033C0E90233F7
:106A9000012138460192FFF78FFD019A054640B16A
:106AA000012340F27121C0E90431002390600360AA
:106AB000B4E7024640F24511054B064800F03EFFA0
:106AC00040F2B311044B034800F038FFD09E0000A1
:106AD000FC9A0000109B0000A89A00002DE9F047E6
:106AE0000D462F69AB6807EB62177C1C9C429146F0
:106AF000064649684FEA621A04DD5B009C4201F1D8
:106B00000101FADC3046FFF757FD804600284ED0E1
:106B1000BAF1000F00F114000EDD034600210AF166
:106B200005024FEA820C08EB820243F8041B9342F1
:106B3000FBD1ACF114031844296905F1140319F0D1
:106B40001F0903EB81012AD084464FF0000AC9F1E6
:106B5000200E1A6802FA09F242EA0A024CF8042BE3
:106B600053F8042B994222FA0EFAF2D84B1B153B2C
:106B700023F00303043305F11502914238BF0423C7
:106B800040F803A0BAF1000F00D13C463046294638
:106B9000C8F81040FFF750FD4046BDE8F0870438C4
:106BA00053F8042B994240F8042FF9D8EDE7024638
:106BB0004FF4EF71014B024800F0C0FEFC9A000058
:106BC000109B000084460B690069C01A15D10CF1B6
:106BD000140C14310CEB830210B401EB830301E0BD
:106BE000944508D252F8044D53F8041D8C42F7D056
:106BF00004D24FF0FF3010BC70477047012010BC2A
:106C0000704700BF2DE9F04F14460A692369884692
:106C1000D21A002A83B040F0888001F1140604F1F2
:106C2000140202EB830206EB830301E09E427FD253
:106C300053F8045D52F8041D8D42F7D076D32346F5
:106C40000025444698466168FFF7B6FC002800F02E
:106C5000898000F1140949464FF0000C2769D8F8E3
:106C6000106004F1140B08F1140EC56004F1100259
:106C70000EEB86060BEB870ACDF804B05EF8044BEA
:106C800052F8045F1FFA84FBABB2A3EB0B03240C96
:106C90006344C4EB154404EB23449BB243EA04432E
:106CA000764541F8043B4FEA244CE7D808F115013A
:106CB0008E4234BF00210121A6EB0806153EB6081E
:106CC000002906F101024FEA820208BF0422DDF822
:106CD00004B00BEB0204A2454A4434D915462146C0
:106CE000E04651F8046BB3B263444FEA164E0EEB24
:106CF000234E06EB08039BB243EA0E438A454FEA54
:106D00002E4C45F8043BEBD80AF1FF3AAAEB040AF3
:106D10002AF0030A524423B952F8043D013F002BE4
:106D2000FAD0076103B0BDE8F08F88DA01258AE761
:106D30000021FFF741FC70B101220023C0E90423C8
:106D400003B0BDE8F08F00294FEA860608BF002691
:106D500009EB0602DFE7024640F23721054B064801
:106D600000F0ECFD024640F24521024B024800F0E3
:106D7000E5FD00BFFC9A0000109B0000124B0A4684
:106D80000B40A3F15073002B03DD0022194610467F
:106D900070475B42B3F1A07F4FEA235106DA4FF40C
:106DA000002300220B4119461046704714391E2952
:106DB000D4BF4FF0004201224FF00003D8BFCA40B9
:106DC00010461946704700BF0000F07FF8B504690F
:106DD00000F1140202EB840454F8045C261F2846D8
:106DE000FFF7F4FC0346C0F120000A2B086030DDF9
:106DF000B242A3F10B071AD254F8083C1FB3C7F1F3
:106E0000200C23FA0CF1BD4045EA0106A4F1080567
:106E100046F07F51AA4203FA07F341F4401116D21B
:106E200054F80C2C22FA0CF213431846F8BD0B2B25
:106E300008D0002305FA07F747F07F51184641F4C0
:106E40004011F8BD002345F07F5141F44011184630
:106E5000F8BDB2422CBF002254F8082CC3F10B0736
:106E600003F1150325FA07FC38BFFA4005FA03F3CE
:106E70004CF07F511343184641F44011F8BD00BF58
:106E8000F0B5012183B016461F46FFF795FB054676
:106E9000002847D0C7F30A54C7F313030CB143F4D7
:106EA0008013002E019314D101A8FFF7B1FC012239
:106EB000019B20306B612A6114B3089BA4F2334418
:106EC00004441C60099BC0F135001860284603B0DB
:106ED000F0BD68460096FFF79BFC019B00B300994C
:106EE000C0F1200203FA02F2C34001930A43002BCF
:106EF0006A610CBF01220222AB612A61002CDCD145
:106F000005EB8201A0F23243086908990B60FFF794
:106F10005DFC099BC0EB42101860284603B0F0BD31
:106F2000009AE4E7024640F20F31024B024800F0BB
:106F300005FD00BFFC9A0000109B00002DE9F04306
:106F400083B0884669468146FFF740FF04460D46F8
:106F5000404601A9FFF73AFFD9F81030D8F81020C1
:106F6000A3EB020CDDE900329B1A03EB4C13002B60
:106F70000BDD05EB03573D4602460B4620462946EE
:106F8000FCF734F803B0BDE8F083C3EB033301EB47
:106F900003594946F0E700BF172870B506460ADDD9
:106FA000002000240749084D22462B46FBF7F4FE3B
:106FB000013EF9D170BD054B03EBC003D3E90401D9
:106FC00070BD00BF0000F03F00002440D09E0000D4
:106FD00001F1FF3C116902F114034FEA6C1C03EB51
:106FE00081010CF1010C8B4200EB8C0C16D210B518
:106FF000A0F1040E53F8044B99424EF8044FF9D80F
:107000008B1A153B23F0030304331844844504D939
:10701000002340F8043B8445FBD810BD844505D9C6
:10702000002340F8043B8445FBD87047704700BFFD
:1070300003694A11934200F1140009DA00EB83035B
:1070400002E053F8042DA2B98342FAD80020704719
:1070500000EB8203F8DD11F01F01F5D010B450F8F9
:10706000224024FA01F28A40944208D0012010BC48
:1070700070470120704753F8042D002AF6D183424F
:10708000F9D8002010BC70479368013B002B936037
:1070900005DAD2F818C0634507DB0A2905D0136862
:1070A000581C106008461970704700F007BB00BFFD
:1070B0009BB1F8B5134406460F46541E5D1E01E011
:1070C000AC4208D03A46304614F8011FFFF7DCFF07
:1070D000431CF5D1F8BD0020F8BD0020704700BF6B
:1070E000936810B514461BB918460023636010BDA1
:1070F00000F06EF90023A3600023636010BD00BFA1
:107100002DE9F04FA1B08B4691461C46049018B172
:10711000036A002B00F04181DBF86420BBF90C30DE
:10712000D20702D49F0540F131811E0740F19A80B9
:10713000DBF81030002B00F09580002343F2200292
:107140000D9399F800300127954E0794ADF839203A
:10715000002B77D04D4604E015F8013F002B00F0DE
:107160009780252BF8D1B5EB090A40F094802B7855
:10717000002B67D000234FF0FF320135CDE9092302
:1071800008930B938DF863301E9306E02546089B09
:10719000801B07FA00F0034308932C46052214F8DD
:1071A000011B3046FDF734FFA1460028EED1089BB5
:1071B000D80644BF20228DF86320190748BF2B2230
:1071C000297848BF8DF863202A297AD1079A116857
:1071D000043200290792C0F2AD800B9169782E2904
:1071E00000F086806F4C03222046FDF711FF38B176
:1071F0004022089B001B8240134309F101090893B8
:1072000019F8011B062268488DF83810FDF700FFB9
:10721000002800F09580654B002B7ED007A90091D7
:107220005A460498624B08A9FCF7B0FE0390039BF2
:10723000013307D00D9B039A13440D9399F8003046
:10724000002B87D1DBF8643013F0010FBBF80C3052
:1072500002D19A0540F193805B0616D40D9821B0B7
:10726000BDE8F08F5946049800F076FA00283FF404
:1072700064AFDBF86430DD0707D4BBF80C309C0545
:1072800003D4DBF85800FDF7C1FE4FF0FF30E6E70E
:10729000B5EB090AD6D009F1FF3805954546DDF86A
:1072A000108001E0A2453FD92C465A46404615F8C9
:1072B000011FFFF7E9FE02340130A4EB0904F1D10C
:1072C000C0E7A1F13002092A88BFA94687D80B9BE5
:1072D00000E00134217803EB830302EB4303A1F1C7
:1072E0003002092AF5D92E29A1460B937FF47AAFF3
:1072F00099F801102A292DD1079B09F102001A687B
:107300000433002A0793B8BF4FF0FF3399F80210F7
:1073100009928146B8BF099364E7079B073323F0BE
:1073200007030833079385E70D99059D51442B7892
:107330000D911DE7494243F002030B9108934DE77D
:1073400007A900915A460498194B08A9FDF752F96C
:1073500003906CE70023A1F13002092A09F1010929
:1073600009933FF63FAF19F8011F03EB830302EBCC
:107370004303A1F13002092AF5D9099332E7DBF87A
:107380005800FDF743FEBBF80C3065E7DBF858000A
:10739000FDF734FEBBF90C30C7E6FDF755FCBBE644
:1073A0004C9B0000549B0000589B00008D3F000048
:1073B000B17000008C4600B586461346034A7146FC
:1073C00010685DF804EB6246FFF79ABEFC030420E8
:1073D0009368002B00F0F0802DE9F04FB1F90CC05C
:1073E00090461CF0080F81460C4683B02BD00B69E9
:1073F0004BB31CF00207D8F8006032D04FF0000AFF
:107400005546D4F828B0216AAB4FC5B1BD422B46D2
:10741000524628BF3B464846D847002840F3C28022
:10742000D8F8083082441B1A2D1AC8F80830002BEF
:1074300000F0AE80D4F828B0216A002DE6D1D6E95C
:1074400000A50836E1E72146484600F085F9002806
:1074500040F0AD80B4F90CC0D8F800601CF0020711
:10746000CCD11CF0010A63D157462368A1681846A5
:107470008B46002F58D01CF4007F00F0B180B94239
:107480000A4600F2DD801CF4906F2FD021696269FA
:107490005D1A02EB420202EBD2726B1C52103B44AB
:1074A000934292BF93469B461A461CF4806F00F0AD
:1074B000E68011464846FEF7F3FF002800F0F5800D
:1074C0002A4621690190FDF7EFFDA289019B22F474
:1074D000906242F08002A2815819C4F814B0ABEB5C
:1074E00005053A46BB462361A56020603D4600275E
:1074F0005146019200F092F9A1682368019AA1EB2C
:107500000B011A44A1602260D8F80830AA445B1B22
:10751000C8F80830002B3BD02368A16818468B467A
:10752000B4F90CC0002FA6D1D6E900A708369EE713
:107530003846BB463D46002D40D0002845D03A464F
:10754000D4E904C32068AA4228BF2A466045A1683E
:1075500004D901EB030A524500F38280934272DCA6
:107560005A464846216AD4F828C0E047B0F1000ADC
:1075700018DDB7EB0A070FD00120D8F80830D34444
:10758000A3EB0A03A5EB0A05C8F80830002BD2D1FB
:10759000002003B0BDE8F08F21464846FDF7F6F91C
:1075A0000028EAD0B4F90C3043F04003A3814FF037
:1075B000FF3003B0BDE8F08F002070477568334698
:1075C0000836002DFAD0D3F800B02A460A215846D2
:1075D000FDF71EFD002865D00130A0EB0B07AEE7DC
:1075E00022699A4214D36569BD4211D86FF00043F5
:1075F000BB4228BF3B4693FBF5F3524605FB03F322
:107600004846A56A216AA847051ECBDD7F1B7BE79C
:10761000B94228BF39460D46184651462A4600F061
:10762000FDF8A1682368491B2B44A1602360002951
:10763000ECD121464846FDF7A9F90028E6D0B1E78C
:10764000BB463A4652E75946019200F0E7F8019AE4
:10765000A36892469B1AA36023681344236088E7BB
:107660005946524600F0DAF823682146534448460A
:107670002360FDF78BF900283FF47BAF92E7484683
:1076800000F0B6F9034600287FF426AF484621698A
:10769000FEF772FE0C22B4F90C30C9F8002023F07A
:1076A000800381E76A1C17464AE70C22B4F90C30C4
:1076B000C9F8002078E700BF00FCFF7FF8B5064658
:1076C0000D46144610B1036A002B37D0A269A38976
:1076D000A2601A0719D52369BBB122686169D31A60
:1076E000EDB299422F4620DD0133A1680139A16036
:1076F000511C2160157062699A420DD0A389DB0785
:1077000001D50A2D08D03846F8BD2146304600F094
:1077100023F838B92369E0E721463046FDF736F90A
:107720000028F0D04FF0FF37EDE721463046FDF757
:107730002DF90028F6D101232268D6E7FDF784FA57
:10774000C4E700BF03460A46024908681946FFF726
:10775000B5BF00BFFC03042038B52F4B05461B689E
:107760000C4613B11A6A002A4BD0B4F90C30180732
:107770001CD5226922B313F0010107D000206169F2
:10778000A0604942A1613AB1002038BD980758BFB6
:107790006169A160002AF7D1190658BF1046F4D5D7
:1077A00043F04003A3814FF0FF3038BDD9062CD5FC
:1077B0005A0712D4226943F00803A381002ADAD1C0
:1077C00003F42071B1F5007FD5D02146284600F0A2
:1077D0007BF9B4F90C302269CDE7616B51B104F14A
:1077E0004402914204D02846FEF7C6FDB4F90C309D
:1077F000002262630021226923F02403C4E90021EE
:10780000D9E71846FDF720FAAFE7092243F0400315
:107810002A60A381C7E700BFFC03042088420ED979
:107820008B1883420BD900EB020C002A6DD0624604
:1078300013F801CD994202F801CDF9D170470F2A12
:107840000FD8034602F1FF3C002A5ED00CF1010C78
:10785000013B8C4411F8012B614503F8012FF9D14C
:10786000704740EA01039B0750D1A2F1100370B5A5
:1078700001F1200C23F00F0501F1100E00F11004AE
:10788000AC441B095EF8105C0EF1100E44F8105C5D
:107890005EF81C5C103444F81C5C5EF8185C44F81C
:1078A000185C5EF8145CE64544F8145CEAD10133D8
:1078B00012F00C0F01EB031102F00F0400EB0313A5
:1078C00028D08E46043C24F003064FEA940C1E4454
:1078D0001C1F5EF8045B44F8045FB442F9D10CF15C
:1078E000010402F0030203EB840301EB840102F1C3
:1078F000FF3C4AB10CF1010C013B8C4411F8012B07
:10790000614503F8012FF9D170BD7047034602F1BC
:10791000FF3C9BE72246EAE7002238B5064D0446C5
:1079200008462A6000F024FB431C00D038BD2B68B9
:10793000002BFBD0236038BD400F0420144600B557
:107940001A460A4B0D461B6885B0DE6803464CB1EB
:1079500007490191304607490294009500F0A0F8CC
:1079600000F060F904490C46F3E700BFFC03042073
:10797000709B0000809B0000249A000008B513460D
:107980000022FFF7DBFF00BF70B5A1FB025454B922
:107990002946FEF785FD064618B12A462146FDF721
:1079A00033FA304670BD0C2200260260F9E700BFB2
:1079B00010B4034CD4F8E440A44610BC604700BFA8
:1079C0005004042082B049B15AB16BB113780B60F6
:1079D0001278101E18BF012002B0704701A9002ABA
:1079E000F3D1104602B070476FF00100F4E700BF1A
:1079F0002DE9F041144641B30AB306460D4600F0A6
:107A000019F98442074602D8B4EB500F13D8214627
:107A10003046FEF745FD804650B1BC42224629461D
:107A200028BF3A46FDF740FB29463046FEF7A4FC46
:107A30004046BDE8F081A8464046BDE8F081A0463A
:107A4000FEF79AFC4046BDE8F0811146BDE8F041E2
:107A5000FEF726BD10B4034CD4F8E040A44610BC99
:107A6000604700BF50040420034649B1FF2A02D8F2
:107A700001200A7070478A224FF0FF301A60704769
:107A8000084670470CB400B583B004AB53F8042B20
:107A90000193FFF735FB03B05DF804EB02B07047CC
:107AA0000EB400B5074A82B003AB0146106853F824
:107AB000042B0193FFF724FB02B05DF804EB03B045
:107AC000704700BFFC03042070B5B1F90C300C46C0
:107AD000990796B007D5012204F14703C4E904329F
:107AE000236016B070BDB4F90E100546002929DBDD
:107AF0006A4600F071F8002822DB4FF480612846C6
:107B0000019EFEF7CDFC88B3A38906F4704643F0CE
:107B10008003A3814FF48063B6F5005FC4E90403DA
:107B20002060DED12846B4F90E1000F069F8002874
:107B3000D7D0A38923F0030343F00103A381D0E747
:107B4000B4F90C3013F0800F14BF40264FF4806658
:107B500028463146FEF7A4FC40B1A389C4E90406D7
:107B600043F080032060A38116B070BDB4F90C30DF
:107B70009A05B6D4012123F0030304F1470243F030
:107B80000203C4E90421A3812260AAE770B50C4670
:107B9000B1F90E10154600291E4696B00FDB6A4655
:107BA00000F01AF800280ADB019B4FF4806203F40E
:107BB0007043A3F50053B3FA83F35B0907E0A2898E
:107BC000002312F0800F14BF40224FF48062002087
:107BD00033602A6016B070BD70B50026074D0446AC
:107BE000084611462E60F9F795F9431C00D070BD88
:107BF0002B68002BFBD0236070BD00BF400F04201A
:107C0000002238B5064D044608462A60F9F784F983
:107C1000431C00D038BD2B68002BFBD0236038BD3F
:107C2000400F0420062008B500F0A2F8012000F063
:107C3000ADF900BF51F8043C181F002BBCBF0B5816
:107C4000C018704738B5C46B0CB1002038BD802116
:107C50000546FEF725FC0246E86330B1031F7C327F
:107C600043F8044F9342FBD1EFE74FF0FF3038BDAC
:107C700030B51F29054683B008D8C36B0C4653B1F5
:107C800053F8240043F8242003B030BD16230360CA
:107C90004FF0FF30F8E780210192FEF701FC019AD6
:107CA0000346E8630028F3D0011F00F17C050020A3
:107CB00041F8040FA942FBD1E2E700BF1F2938B504
:107CC00005461ED8C26B0C466AB152F8213053B13A
:107CD000012B06D0591C10D00021204642F8241058
:107CE0009847002038BD284600F0F2F822460146A9
:107CF0002846BDE8384000F0D7B8162301202B6095
:107D000038BD16234FF0FF302B6038BD1F292BD80C
:107D100038B5C36B0C460546A3B153F8242003EBDA
:107D200084034AB1511C0BD0012A07D000252046FC
:107D30001D609047284638BD012038BD032038BD5E
:107D4000022038BD8021FEF7ABFB0346E86340B15B
:107D500000201A1F03F17C0142F8040F8A42FBD174
:107D6000DBE74FF0FF3038BD4FF0FF30704700BF0A
:107D700038B5134B1F281D681DD8EA6B044662B145
:107D800052F820304BB1012B05D0591C0FD00021E7
:107D900042F820109847002038BD284600F098F897
:107DA000224601462846BDE8384000F07DB816233B
:107DB00001202B6038BD16234FF0FF302B6038BDFB
:107DC000FC030420114B1F2870B51E6808D8F36B04
:107DD00004460D464BB153F8240043F8245070BDBF
:107DE000162333604FF0FF3070BD80213046FEF720
:107DF00057FB0346F0630028F4D00021021F7C30BB
:107E000042F8041F8242FBD1E5E700BFFC030420D7
:107E100038B50B4B1D68EC6B0CB1002038BD8021D0
:107E20002846FEF73DFBE86338B1031F00F17C02F2
:107E300043F8044F9342FBD1EFE74FF0FF3038BDDA
:107E4000FC03042038B5174B1F281D6826D80446AC
:107E5000E86BA0B150F8242000EB84034AB1511C18
:107E60000BD0012A07D0002520461D6090472846E8
:107E700038BD012038BD032038BD022038BD802127
:107E80002846FEF70DFBE86340B10021031F00F117
:107E90007C0243F8041F9342FBD1DBE74FF0FF3035
:107EA00038BD00BFFC03042070B50026074D044612
:107EB000084611462E6000F053F8431C00D070BDF8
:107EC0002B68002BFBD0236070BD00BF400F042047
:107ED00000F03EB84FEA410C7FEA6C5C02D150EAF8
:107EE000013C0AD14FEA430C7FEA6C5C02D152EAB2
:107EF000033C02D14FF0000070474FF00100704783
:107F00004FEA410212F5001215D211D56FF47873C1
:107F1000B3EB625212D94FEAC12343F0004343EA64
:107F2000505311F0004F23FA02F018BF404270473F
:107F30004FF00000704750EA013005D111F00040C9
:107F400008BF6FF0004070474FF00000704700BF5F
:107F50005822024B4FF0FF301A607047400F042048
:107F60005822024B4FF0FF301A607047400F042038
:107F7000044A05491368002B08BF0B4618441060DB
:107F800018467047FC0F042000000020FEE700BFE9
:107F900000F0BEB9F8B504460D4600F081FA22465D
:107FA00006460F462B4620462946FFF793FF98B911
:107FB0000022002320462946FBF76AF960B100221F
:107FC000002320462946FBF74FF940B1FCF7CAFFD2
:107FD00022230026074F036030463946F8BDFCF7E0
:107FE000C1FF2122034604481A60BDE8F84000F0B2
:107FF000A1B800BF0000F0FF249A00002DE9F8436B
:1080000014461D468046894600F0CEFA22460646B2
:108010000F462B4620462946FFF75CFF78B9002221
:10802000002340464946FBF71FF9D8B10022002340
:1080300020462946FBF718F928B10026254F30467F
:108040003946BDE8F8832046294600F06DF800283F
:10805000F5D02046294600220023FBF70FF900281F
:10806000EDD02CE03046394600F05EF8A0B1002299
:10807000002330463946FBF7F7F80028DFD04046AA
:10808000494600F051F80028D9D02046294600F092
:108090004BF80028D3D012E04046494600F044F89F
:1080A0000028E4D02046294600F03EF80028DED023
:1080B00032463B4630463946FFF70CFF20B9FCF705
:1080C00051FF22230360BAE7FCF74CFF2123036032
:1080D000B5E700BF0000F03FF8B504460D4600F0DC
:1080E0002FF8224606460F462B4620462946FFF724
:1080F000F1FE30B92046294600220023FBF7BEF8E6
:1081000010B930463946F8BDFCF72CFF0022002399
:108110002121016010461946FAF768FF06460F460E
:1081200030463946F8BD00BF41F0004000F58010F0
:10813000C00F704700200149704700BF0000F87F62
:10814000714A2DE9F0478A4306460F4600F0A780A2
:1081500000290C46034655DD081562D0C4F313020E
:10816000C107A0F2FF3742F4801203D4D90F01EB0C
:1081700042025B00002616244FF40011B446520060
:1081800002EBD3727F105B000CEB010090424FEAD0
:10819000D3754FEA430303DC00EB010C121A0E44C3
:1081A000013C05EB42024FEA5101EDD120254FF091
:1081B0000040A0460AE043D0510001EBD371013DDD
:1081C0000A464FEA43034FEA500045D0944508EB76
:1081D000000EF0DABEF1000F0EEB00080CDBE146FA
:1081E000A2EB0C01CC469E4588BF01F1FF3149004E
:1081F000A3EB0E030444E0E7B8F1000FEFDB0CF152
:108200000109EDE721F00042024342D0002969D183
:10821000DA0A153C5B05002AFAD0D60220466AD459
:10822000144600226400E502114602F10102F9D56C
:10823000C2F1200523FA05F52C439340401A8DE73F
:108240009E4502D94FEA4C01B7E7BEF1000F0EEB95
:10825000000820DB0021CBE7194310D0DFF8ACA0E9
:10826000DAE90001DAE90223FAF7DEFBDAE900894C
:1082700002460B4640464946FBF70AF8C8B965086E
:10828000731003F17F5303F5001303EB075145EA25
:10829000C670BDE8F087B8F1000FB0DADAE7024641
:1082A0000B46FAF779FD32463B46FAF7BFFBBDE8CD
:1082B000F087B4F1FF3FDAE90001DAE902231ED0CA
:1082C000DAE90089FAF7B2FB02460B464046494616
:1082D000FAF7D4FFA8B1A31C04F1020508BF0136C8
:1082E0006D08CDE702460B46FAF79EFB02460B46A9
:1082F000FAF77CFECDE74FF0FF3114469EE70136DA
:10830000BEE70134BBE700BF0000F07FF89F00002C
:108310002DE9F84F994653425F4F134329F0004E21
:108320004EEAD373BB4204460D4690463DD84642C2
:10833000064321F0004A4AEAD676BE4203468B46FF
:1083400033D809F1404606F5801616433DD04FEA72
:10835000A97606F002065AEA030346EAD1762CD043
:108360005EEA020235D0BE4546D0BA4531D0AAEB0E
:108370000E0ABAF1747F4FEA2A5339DAB9F1000FC5
:1083800046DA3C3344DA00200021012E58D0022E78
:1083900049D086B134A3D3E90023FAF745FB34A3CF
:1083A000D3E90023FAF740FB05E022462B4640467E
:1083B0004946FAF73BFBBDE8F88F022E10D0032E9A
:1083C000F9D12DA1D1E90001F5E7BDE8F84F00F0A2
:1083D0008FBEBBF1000F07DB29A1D1E90001EAE75D
:1083E00023A1D1E90001E6E727A1D1E90001E2E7F5
:1083F00023A1D1E90001C8E7F24506F1FF3623D0F9
:10840000022E29D8254B03EBC603D3E90601D2E798
:1084100042464B4620462946FAF7E8FD00F0FEFFAB
:1084200000F066FEB1E710A3D3E90023FAF7FCFAE7
:1084300002460B460EA1D1E90001FAF7F5FABAE7B8
:1084400001F100431946B6E7022E08D8134B03EB9F
:10845000C603D3E90001AEE700200021ABE70CA181
:10846000D1E90001A7E700BF075C143326A6A13CB1
:10847000182D4454FB210940182D4454FB2109C0F8
:10848000182D4454FB21F93F182D4454FB21F9BF0A
:10849000182D4454FB21E93F0000F07F08A00000A4
:1084A000B1F5801F2DE9F84304460D460B461ADA54
:1084B00021F000460643024652D0002958DB002234
:1084C000354BFAF769FC0D462B46344A0446934275
:1084D0006FF035010BDD22462B4620462946FAF780
:1084E000A5FABDE8F8832D4A00219342F3DC181564
:1084F000A0F2FF300844C70F00EBD070C3F313069F
:10850000FAF7E0FBC7F57F73033346EA03551CA374
:10851000D3E9002380468946FAF73EFC02460B4623
:108520002046294614461D4601F096F816A3D3E9C5
:108530000023FAF731FC22462B46FAF777FA14A308
:10854000D3E9002304460D4640464946FAF724FC89
:1085500002460B4620462946FAF768FABDE8F8833A
:108560000022002300200E49FAF740FDBDE8F88301
:10857000FAF75AFA00220023FAF738FDB1E700BFF4
:10858000362BF111F3FE593D0EE526157BCBDB3F73
:1085900000609F501344D33F00005043FFFFEF7F24
:1085A000000050C3000000002DE9F04F23F0004709
:1085B0000D4657EA020192469B46044693B010D1FD
:1085C0002319814885F4002252419942904121D2D9
:1085D00052465B4620462946FAF728FA13B0BDE812
:1085E000F08F9946794B25F0004199422E46009034
:1085F000029114D9009B06F1404606F580161E43F1
:10860000E6D153467049DB188BF4002252419E425A
:108610009141DDD300206E4913B0BDE8F08F14D036
:108620009F42E7D8029B00F0A580002E15DB002AB0
:1086300040F0B88066498F4240F0CE83B9F1000F18
:10864000C0F2B58420462946C8E70028C0D18F4231
:10865000BED800F0F283029BE7E75E498F4200F24A
:10866000B5835D498F423DD8002A40F0C483B9F1FB
:10867000804F30D0904620462946049300F0CEFE2D
:10868000009A049B002A4DD0F20F013A52EA080CDE
:1086900000F09680002408F1FF3858EA020814BF61
:1086A0004B4D4E4DB7F1844FCDE9064540F29A80CF
:1086B0004B4B029A9F42484B40F2F6839A4200F29B
:1086C0008784B9F1000FC0F28784002013B0BDE8A1
:1086D000F04F00F049BF22462B4620462946FAF7C4
:1086E0005BFB7BE73915A1F2FF31142940F3468487
:1086F000C1F1340122FA01F000FA01F1914200F0D7
:10870000AF84002A40F07783B9F1804F0493E2D020
:108710002046294600F082FE009A049B002A4FD191
:10872000DDF800802A4A26F0404C944502D0029A97
:10873000002AA9D1B9F1000F05DA02460B46002044
:108740002349FAF753FC002EBFF648AF029B03F112
:10875000404B0BF5801B5BEA080B40F0308402466F
:108760000B4610461946FAF75FF902460B46FAF730
:108770003DFC33E7002A7FF43DAF029B009A03F1F2
:10878000404303F5801313433FF444AF124B029A66
:108790009A4240F2E683B9F1000FC0F2508450468D
:1087A00059461BE74FF0000820462946049300F085
:1087B00035FE009A049B002AB4D0F20F013A69E713
:1087C00022462B46CDE700BF0000F0FF0000F07FFF
:1087D0000000F03FFFFF3F43FFFFEF3F0000F0BF0F
:1087E0000000F043D04A3240002A40F02A83CF4BA9
:1087F0000022FAF7D1FA6FF034040B461A15A2F2F0
:10880000FF321519CA4AC3F3130343F07F5493424E
:108810000B9544F4401407DDC64A934240F3E283CB
:1088200001350B95A4F580140022002300260025B5
:10883000C14FCDE90823CDE90467CDE91023DDE977
:10884000042321468046FAF7EFF8DDE90423A14628
:1088500006460F4640462146CDE90C89FAF7E6F870
:1088600002460B460020B449FAF7C0FB02460B460D
:1088700030463946CDE90E23FAF78EFA804689460E
:10888000641044F0005404F5002359190D464A467B
:10889000414600230020CDE9001200930446024621
:1088A0002B46CDE90289DDE9008940464946FAF7C1
:1088B00073FA02460B4630463946FAF7B5F8DDE959
:1088C000042306460F4620462946FAF7ADF802462D
:1088D0000B46DDE90C01FAF7A7F842464B46FAF7DA
:1088E0005BFA02460B4630463946FAF79DF8DDE959
:1088F0000E23FAF751FADDE90245CDE904012246DB
:108900002B4620462946FAF747FA75A3D3E90023F8
:1089100004460D46FAF740FA73A3D3E90023FAF7A9
:1089200085F822462B46FAF737FA71A3D3E90023DC
:10893000FAF77CF822462B46FAF72EFA6EA3D3E913
:108940000023FAF773F822462B46FAF725FA6CA3B0
:10895000D3E90023FAF76AF822462B46FAF71CFA05
:1089600069A3D3E90023FAF761F8224606460F46C9
:108970002B4620462946FAF70FFA02460B463046A8
:108980003946FAF709FA04460D46DDE90201424686
:108990004B46FAF74BF8DDE90423FAF7FDF92246D6
:1089A0002B46FAF743F8424606460F464B464046EA
:1089B0004946FAF7F1F90022604B04460D46FAF7F2
:1089C00035F832463B46CDE90C67FAF72FF800261A
:1089D0000F4632463B4640464946FAF7DDF900224B
:1089E0008046894630463946544BFAF71DF82246F0
:1089F0002B46FAF719F802460B46DDE90C01FAF7A7
:108A000013F8DDE90223FAF7C7F9324604460D46AA
:108A1000DDE904013B46FAF7BFF902460B46204662
:108A20002946FAF703F806460F46002432463B462D
:108A300040464946F9F7FAFF35A3D3E9002320461B
:108A40000D46FAF7A9F942464B468046894620462C
:108A50002946F9F7E9FF02460B4630463946F9F751
:108A6000E3FF2DA3D3E90023FAF796F902460B465C
:108A70002046294614461D4629A3D3E90023FAF7C8
:108A80008BF902460B4620462946F9F7CFFFDDE970
:108A90001023F9F7CBFF04460B980D46FAF712F9AD
:108AA00006460F4622462B4640464946CDE90289F6
:108AB000F9F7BCFFDDE90823F9F7B8FF32463B467A
:108AC000F9F7B4FF002032463B4680468946F9F765
:108AD000ABFFDDE90823F9F7A7FFDDE902232FE06B
:108AE000EF4E454A287ECA3F65DBC9934A86CD3F93
:108AF00001411DA96074D13F4D268F515555D53F79
:108B0000FFAB6FDBB66DDB3F033333333333E33F10
:108B1000000000E009C7EE3FFD033ADC09C7EE3F65
:108B2000F5015B14E02F3EBE0000F07F00004043E3
:108B30008E98030079B60B000000F03F000008405B
:108B4000F9F772FF02460B4620462946F9F76CFFFB
:108B50000023CDE900AB0093DDE90067CDE9020118
:108B600032463B4650465946F9F75EFF42464B4671
:108B7000FAF712F9524604460D46DDE902015B465A
:108B8000FAF70AF902460B4620462946F9F74EFF46
:108B900004460D4632463B4640464946CDE902452D
:108BA000FAF7FAF806460F46204629463B46324673
:108BB000F9F73CFFB64B044699420D46884640F310
:108BC0001C8101F13F4303F5E003034340F01B82A6
:108BD0009DA3D3E90023DDE90201F9F727FF02464F
:108BE0000B462046294614461D4632463B46F9F7B9
:108BF0001BFF02460B4620462946FAF75DFB00287C
:108C000040F001824FF4007300204344C3F30A5242
:108C1000A04CA2F2FF321441C3F3130AC2F11402B2
:108C200004EA03014AF4801A0B464AFA02FAB8F140
:108C3000000F024639463046B8BFCAF1000AF9F7BC
:108C4000F3FE06460F46DDE9020132463B46F9F7E0
:108C5000EDFE0D464FEA0A5B00247DA3D3E9002315
:108C600020462946FAF798F83246804689463B4620
:108C700020462946F9F7D8FE02460B46DDE90201F7
:108C8000F9F7D2FE74A3D3E90023FAF785F8024678
:108C90000B462046294614461D4671A3D3E90023FE
:108CA000FAF77AF802460B4620462946F9F7BEFE47
:108CB00006460F4632463B4640464946F9F7B6FE61
:108CC00042464B4604460D46F9F7AEFE02460B46B9
:108CD00030463946F9F7A8FE2246804689462B469B
:108CE00020462946FAF758F85FA3D3E90023064641
:108CF0000F46FAF751F85EA3D3E90023F9F794FE83
:108D000032463B46FAF748F85BA3D3E90023F9F76C
:108D10008DFE32463B46FAF73FF859A3D3E90023CC
:108D2000F9F782FE32463B46FAF736F856A3D3E906
:108D30000023F9F77BFE32463B46FAF72DF8024650
:108D40000B4620462946F9F76FFE06460F46324687
:108D50003B4620462946FAF71FF802460B463046A6
:108D6000394616461F4600224FF08043F9F75CFE55
:108D700002460B4630463946FAF738F9424606466F
:108D80000F464B4620462946FAF706F842464B4620
:108D9000F9F74CFE02460B4630463946F9F744FED9
:108DA00022462B46F9F740FE02460B4600203A4980
:108DB000F9F73AFE0C465C44B4F5801FC0F22D81F1
:108DC0002146DDE90623F9F7E7FF07E44FF0020843
:108DD000002A7FF4E9AC4EE4B9F1804F3FF47BAC5C
:108DE0002E4989457FF446AC2046294613B0BDE89C
:108DF000F04FFFF7A5B904938AE4DFF8A4C021F08F
:108E00000043634540F2CB80264B0B4403430AD119
:108E100032463B46F9F708FEDDE90223FAF742FA4B
:108E200000283FF4EFAEDDE9060100220023FAF747
:108E300025FA003818BF012048E4002A7FF4C8ABA7
:108E4000A4E40024DAE400BFFE822B654715973CBA
:108E500000000000432EE63FEF39FAFE422EE63FC7
:108E6000396CA80C615C20BED0A4BE726937663E26
:108E7000F16BD2C541BDBB3E2CDE25AF6A56113F1A
:108E800093BDBE166CC1663F3E5555555555C53F01
:108E9000FFFF8F400000F0FF0000F03F0000E03FC8
:108EA000FFCB904000346F3F9A42C0F0BA80029AE4
:108EB0008B4B9A424FF0000200F2C580884BF9F7C5
:108EC000B3FD7BA3D3E9002304460D46F9F764FF05
:108ED00079A3D3E900238046894620462946F9F73D
:108EE0005BFF0022CDE900017E4B20462946F9F7C1
:108EF00053FF02460B4672A1D1E90001F9F794FD38
:108F000022462B46F9F748FF02460B4600207649D9
:108F1000F9F78AFD22462B4606460F46204629468B
:108F2000F9F73AFF02460B4630463946F9F734FF67
:108F300065A3D3E90023F9F72FFF02460B46DDE9CD
:108F40000001F9F771FD04460D46404649462246A8
:108F50002B46F9F76BFD002042464B46804689467A
:108F6000EEE5B9F1000F4FF000004FF00001BFF641
:108F700035AB50460BF10041FFF730BB002A7FF4C0
:108F80003AAFC1F1140147FA01F000FA01F1B94218
:108F90006DD053498F423FF451ABFFF768BB524A43
:108FA00093427AD8DDE900239346924654E622465E
:108FB0002B4600204A49FAF719F8FFF70FBBB8F122
:108FC000010F7FF40BAB01F100431946FFF706BB1D
:108FD000B9F1000F7FF779AB002013B0BDE8F04F77
:108FE00000F0CCBA0022414B4FF48025CDE9042398
:108FF00037A3D3E90023CDE9082337A3D3E900231E
:10900000CDE910231BE40022DDE906010023FAF775
:1090100035F9003818BF0120DFE7524600F004FAA6
:10902000CFE60022DDE906010023FAF727F9003830
:1090300018BF0120B9F1000FBFF648ABCDE7002003
:109040000021FFF7CBBA0023DDE90601FAF716F994
:10905000003818BF0120B9F1000FBEDCFFF736BBA6
:109060009AB100F00100C0F10208FFF79DBB1C4A55
:1090700097423FF4E3AAB9F1804F3FF42CAB00F0E4
:109080000100C0F10208FFF7F6BAB9F1804F3FF4D2
:1090900022AB4FF00208FFF7EEBA4FF480121B1517
:1090A000A3F2FE3342FA03F3AEE500BFAFF3008054
:1090B000000000604715F73F44DF5DF80BAE543EFB
:1090C000555555555555D53FFE822B654715F73FEC
:1090D0000000004003B8E23F06D0CF43EBFD4C3E1A
:1090E0000000F03F0000D03F0000E03F0000F83FEC
:1090F0002DE9F84FC04B21F000469E4204460D4634
:109100008A4616D9BD4B9E420BD808D0BAF1000F43
:1091100040F3BF809CA1D1E90001BDE8F88F002891
:10912000F4D022462B4620462946F9F77FFCBDE8BD
:10913000F88FB34B9E4200F2B180A3F1DE739E42E2
:1091400040F298804FF0FF3B22462B4620462946AE
:10915000F9F722FE02460B4680468946F9F71CFEC7
:109160008BA3D3E9002306460F46F9F715FE8AA321
:10917000D3E90023F9F75AFC32463B46F9F70CFED7
:1091800087A3D3E90023F9F751FC32463B46F9F7B0
:1091900003FE85A3D3E90023F9F748FC32463B469A
:1091A000F9F7FAFD82A3D3E90023F9F73FFC324631
:1091B0003B46F9F7F1FD80A3D3E90023F9F736FC2C
:1091C00042464B46F9F7E8FD7DA3D3E900238046EC
:1091D000894630463946F9F7DFFD7BA3D3E9002302
:1091E000F9F722FC32463B46F9F7D6FD78A3D3E9DE
:1091F0000023F9F719FC32463B46F9F7CDFD76A37B
:10920000D3E90023F9F710FC32463B46F9F7C4FDD9
:1092100073A3D3E90023F9F707FC32463B46F9F77D
:10922000BBFD02460B4640464946F9F7FFFB224686
:109230002B46F9F7B1FDBBF1FF3F02460B4656D076
:10924000704E06EBCB06D6E90823F9F7EDFB224674
:109250002B46F9F7E9FB02460B46D6E90001F9F780
:10926000E3FBBAF1000FBFF662AF01F1004319460C
:10927000BDE8F88F5CA3D3E90023F9F7D7FB002200
:10928000614BFAF719F800283FF45CAF20462946F5
:109290004DE757A1D1E90001BDE8F88F00F0BEF815
:1092A0005A4B04469E420D4627D8A3F550239E42B2
:1092B0004ED802460B46F9F7B9FB0022524BF9F79C
:1092C000B3FB02460B462046294614461D460022A3
:1092D0004FF08043F9F7AAFB02460B462046294689
:1092E000F9F784FE4FF0000B04460D462CE72046AC
:1092F0002946F9F799FBBDE8F88F454B9E421CD2F1
:109300000022444BF9F790FB02460B4620462946C3
:1093100014461D4600223F4BF9F73EFD00223A4B12
:10932000F9F784FB02460B4620462946F9F75EFE14
:109330004FF0020B04460D4606E702460B4600209E
:109340003549F9F753FE4FF0030B04460D46FBE693
:1093500000222D4BF9F768FB02460B4620462946B2
:1093600014461D460022284BF9F760FB02460B46C7
:1093700020462946F9F73AFE4FF0010B04460D4608
:10938000E2E600BFAFF30080182D4454FB21F93F03
:1093900011DA22E33AAD903FEB0D76244B7BA93FE7
:1093A000513DD0A0660DB13F6E204CC5CD45B73FB5
:1093B000FF8300922449C23F0D5555555555D53F61
:1093C0002F6C6A2C44B4A2BF9AFDDE522DDEAD3F55
:1093D0006D9A74AFF2B0B33F711623FEC671BC3FF5
:1093E000C4EB98999999C93F9C7500883CE4377EF5
:1093F000182D4454FB21F9BFFFFF0F440000F07FFC
:10940000FFFFDB3F38A000000000F03FFFFFF23F0E
:10941000008003400000F83F0000F0BF21F000434F
:1094200019467047000000002DE9F0411646C1F3CF
:109430000A52074688460B466ABB21F000430343A5
:1094400027D0334B0022F9F7A7FC324B07469E4248
:1094500088463CDB0B46C1F30A52363A4CF2503197
:109460008E4221DC164440F2FE7296421CDC002E35
:1094700026DC16F1350F31DB23F0FF4121F4E0014A
:10948000363641EA0655002238462946224BF9F77E
:1094900083FCBDE8F08140F2FF7C6245DED10246EC
:1094A000F9F7C4FABDE8F081454615A3D3E90023D6
:1094B00063F31E0529461948F9F76EFCBDE8F081F3
:1094C0006FF31E53384643EA0651BDE8F0810EA300
:1094D000D3E90023F9F760FCBDE8F08108F000440F
:1094E00044F0D27141F4B73107A3D3E900230C480B
:1094F00041F01F01F9F750FCCBE700BFAFF300804C
:109500009C7500883CE4377E59F3F8C21F6EA501B4
:1095100000005043B03CFFFF0000903C9C75008869
:1095200059F3F8C2D0B506460F461446FBF71AFDAC
:109530000346394630461C60D0BD00BF00B583B03D
:1095400078B1104603F10041CDE9000110461946FB
:10955000DDE90023F9F720FC222203B05DF804EBDB
:10956000E0E710461946EFE700224FF08053E5E7A9
:109570000022014BE2E700BF0000581E00224FF01E
:10958000E043DBE700B5002283B068B1074BCDE9CB
:109590000023DDE9000100220023F9F727FD222244
:1095A00003B05DF804EBBDE7014BF0E70000F0BF4E
:1095B0000000F03FF8B502460B4604460D46F9F7A9
:1095C00033FA02460B46F9F711FD224606460F46CE
:1095D0002B4620462946FEF77DFC28B93046394601
:1095E000BDE8F84021229DE730463946F8BD00BF6E
:1095F00038B50022002304460D46F9F735FE10B9B0
:109600002046294638BD20462946BDE8384022225A
:1096100088E700BFF8B521F000470D464FF0FF3254
:1096200039460B4B0446FEF755FC38B920463946FF
:109630004FF0FF32064BF9F72BFE10B120462946BA
:10964000F8BD20462946BDE8F84022226AE700BF5F
:10965000FFFFEF7F000000002DE9F04FB1F5801F04
:1096600002460B460E4687B080F2858021F0004509
:10967000054300F021810029C0F261810022DC4B0A
:10968000F9F78AFB0E460B46DA496FF035048E4235
:10969000024674DC4FEA2658C6F3130606F5152178
:1096A000A8F2FF3801F6647101F48011A04408EBC0
:1096B000115881F07F5181F4401141EA06031046B0
:1096C00019460022CC4BF9F7AFF9B31CC3F31303CF
:1096D000022B82468B464FF0000257DC0023F9F73D
:1096E000C3FD002840F0F180ADA3D3E9002350462C
:1096F0005946F9F751FB02460B460020BF49F9F7DE
:1097000093F9524604460D465B4650465946F9F7D2
:1097100043FB02460B4620462946F9F73DFB04462B
:109720000D46B8F1000F00F001814046F9F7CAFA82
:10973000804689469CA3D3E90023F9F72DFB9CA31F
:10974000D3E9002306460F4640464946F9F724FB75
:1097500002460B4620462946F9F766F952465B4613
:10976000F9F762F902460B4630463946F9F75CF9DB
:1097700007B0BDE8F08F9F4900248E428ADD104675
:109780001946F9F753F907B0BDE8F08F4FF0804361
:10979000F9F74CF902460B4650465946F9F726FCB4
:1097A000044640460D46F9F78DFA22462B46CDE990
:1097B000040120462946CDE90245F9F7EDFA0246B3
:1097C0000B46CDE90023F9F7E7FA7BA3D3E90023A1
:1097D00004460D46F9F7E0FA79A3D3E90023F9F737
:1097E00025F922462B46F9F7D7FA77A3D3E90023C8
:1097F000F9F71CF922462B46F9F7CEFA74A3D3E900
:109800000023F9F713F9DDE90023F9F7C5FA72A38C
:10981000D3E90023CDE9000120462946F9F7BCFA37
:109820006FA3D3E90023F9F701F922462B46F9F794
:10983000B3FA6DA3D3E90023F9F7F8F822462B46D3
:10984000F9F7AAFA0B460246DDE90001F9F7EEF84E
:10985000A6F5C227C6F5D723A7F27A4751333B4373
:10986000002B06460F464DDD0022644B50465946FC
:10987000F9F792FA52465B46F9F78EFA04460D461E
:109880003046394622462B46F9F7D0F8DDE9022367
:10989000F9F782FA06460F46B8F1000F56D1024694
:1098A0000B4620462946F9F7BFF802460B465046BC
:1098B0005946F9F7B9F866E700220023002050491D
:1098C000F9F794FB07B0BDE8F08FB8F1000F62D054
:1098D0004046F9F7F7F934A3D3E9002306460F46CB
:1098E000F9F75AFA32A3D3E9002304460D4630466D
:1098F0003946F9F751FA02460B4620462946F9F750
:1099000095F840E702460B4650465946F9F78CF861
:10991000DDE90223F9F740FA04460D46B8F1000FDD
:1099200004D0DDE904894046494603E722462B4638
:1099300050465946F9F778F807B0BDE8F08FF9F7C7
:1099400073F800220023F9F751FB1CE7DDE904015D
:1099500015A3D3E90023F9F71FFA15A3D3E90023D0
:1099600080468946DDE90401F9F716FA32463B469E
:10997000F9F75CF802460B4620462946F9F754F8F9
:1099800052465B46F9F750F802460B4640464946B8
:10999000F9F74AF8F7E600200021F4E6AFF300807B
:1099A000555555555555D53F0000E0FE422EE63F32
:1099B000763C7935EF39EA3D44523EDF12F1C23F41
:1099C000DE03CB966446C73F599322942449D23F85
:1099D000935555555555E53F9FC678D0099AC33FD5
:1099E000AF788E1DC571CC3F04FA97999999D93FEC
:1099F00000005043FFFFEF7F0000F03F0000E03F1A
:109A0000000050C3F8B500BFF8BC08BC9E467047C4
:109A1000F8B500BFF8BC08BC9E46704725662C20F0
:109A20002566200A00000000050708090B00000059
:109A30000F0C0A0906000000120F0C0003040506B3
:109A4000080A0000120C06050403000003040507C1
:109A5000090B00000F0A050403020000494E4600EE
:109A6000696E66004E414E006E616E00300000006F
:109A70003031323334353637383941424344454644
:109A80000000000030313233343536373839616206
:109A90006364656600000000496E66696E697479EA
:109AA000000000004E614E005245454E54206D614D
:109AB0006C6C6F6320737563636565646564000037
:109AC000433A2F4D2F422F7372632F6E65776C6967
:109AD000622D342E352E302E323032343132333145
:109AE0002F6E65776C69622F6C6962632F73746483
:109AF0006C69622F64746F612E63000042616C6C4C
:109B00006F632073756363656564656400000000BE
:109B1000433A2F4D2F422F7372632F6E65776C6916
:109B2000622D342E352E302E3230323431323331F4
:109B30002F6E65776C69622F6C6962632F73746432
:109B40006C69622F6D707265632E6300232D302B5C
:109B500020000000686C4C006566674546470000C1
:109B600043000000504F5349580000002E000000F1
:109B70002C2066756E6374696F6E3A2000000000D9
:109B8000617373657274696F6E202225732220667B
:109B900061696C65643A2066696C652022257322D0
:109BA0002C206C696E65202564257325730A0000DE
:109BB000160000002C00000059000000B200000058
:109BC0000B01000015020000800200009B02000053
:109BD00020030000790300002B040000350500007D
:109BE000000000000500000004000000020000006A
:109BF0000000000004000000080000001000000049
:109C00002000000040000000800000000001000073
:109C10000002000000040000000800000010000026
:109C200000200000004000000100000016000000BD
:109C30002C00000059000000B20000000B010000E1
:109C400015020000800200009B02000020030000BB
:109C5000790300002B04000035050000080900000E
:109C6000C9020000080C00006C200000F021000078
:109C70001000000010040000C9020000280A0000C3
:109C8000090000008C23000004010000040A000009
:109C900059480000040A00007BF20000000A00009E
:109CA00009800000F02200000000000030220000C7
:109CB000AFA587DE502200003F100000B022000058
:109CC0003C20000030220000A0A587DE0001020336
:109CD000060304050607070709090A00C800000073
:109CE000E80300008813000010270000204E000049
:109CF000409C00008038010000710200000000005C
:109D0000000000000A0000001E00000032000000F9
:109D100064000000FFFFFFFF32000000640000004D
:109D2000C8000000E80300008813000010270000AE
:109D3000204E0000409C00008038010000710200AD
:109D400000000000FFFFFFFF000000006E000000A9
:109D5000E8030000D0070000B80B0000A00F0000CF
:109D600070170000401F000010270000E02E0000C8
:109D7000803E0000204E0000C05D000030750000F5
:109D8000007D0000409C000080BB000000FA000045
:109D9000084C010000770100A0860100C0D401003A
:109DA00000F4010000710200A0FD020000E80300C1
:109DB00000D007000000803F0000C03F00000040CE
:109DC00000008040000010410020202020202020A2
:109DD000202028282828282020202020202020205B
:109DE000202020202020202020881010101010106B
:109DF00010101010101010101004040404040404B7
:109E00000404041010101010101041414141414150
:109E10000101010101010101010101010101010132
:109E20000101010110101010101042424242424242
:109E30000202020202020202020202020202020202
:109E400002020202101010102000000000000000AA
:109E50000000000000000000000000000000000002
:109E600000000000000000000000000000000000F2
:109E700000000000000000000000000000000000E2
:109E800000000000000000000000000000000000D2
:109E900000000000000000000000000000000000C2
:109EA00000000000000000000000000000000000B2
:109EB00000000000000000000000000000000000A2
:109EC0000000000000000000000000000000000092
:109ED00005000000190000007D00000000000000E7
:109EE000000000000000F03F0000000000002440DF
:109EF00000000000000059400000000000408F40BA
:109F0000000000000088C34000000000006AF84024
:109F10000000000080842E4100000000D012634148
:109F20000000000084D797410000000065CDCD41BE
:109F3000000000205FA00242000000E8764837429F
:109F4000000000A2941A6D42000040E59C30A2423D
:109F50000000901EC4BCD64200003426F56B0C43B2
:109F60000080E03779C3414300A0D8855734764359
:109F700000C84E676DC1AB43003D9160E458E143BA
:109F8000408CB5781DAF154450EFE2D6E41A4B442F
:109F900092D54D06CFF08044F64AE1C7022DB54474
:109FA000B49DD9794378EA44BC89D897B2D29C3C15
:109FB00033A7A8D523F649393DA7F444FD0FA532B0
:109FC0009D978CCF08BA5B25436FAC642806C80AFE
:109FD0000080E03779C34143176E05B5B5B89346A5
:109FE000F5F93FE9034F384D321D30F94877825A71
:109FF0003CBF737FDD4F1575000000000000F03F8F
:10A0000059F3F8C21F6EA501182D4454FB21E9BF76
:10A01000D221337F7CD90240D221337F7CD902C048
:10A020000000000000000080182D4454FB2109406E
:10A03000182D4454FB2109C04FBB610567ACDD3FBF
:10A04000182D4454FB21E93F9BF681D20B73EF3F5F
:10A05000182D4454FB21F93FE2652F227F2B7A3CD7
:10A06000075C143326A6813CBDCBF07A8807703C90
:0CA07000075C143326A6913C00000000A1
:08A07C006461FF7F0100000098
:10A0840000000000000000000000000000000000CC
:10A0940000000000000000000024744B0000FA4699
:10A0A4000024744B040000000000A041FFFFFFFFE8
:10A0B4000050434700401C46000000000000484494
:10A0C4000000000000000000070000000000000085
:10A0D4000200000001000000100000000B0000005E
:10A0E40001000000010000000000000000401C46C8
:10A0F400007C124864000000010000000000000021
:10A10400000000000000000000000000000000004B
:10A11400000000000000000000000000000000003B
:10A12400000000000000000000000000000000002B
:10A13400000000000000000000000000000000001B
:10A14400000000000000000000000000000000000B
:10A1540000000000000000000000000000000000FB
:10A1640000000000000000000000000000000000EB
:10A1740000000000000000000000000000000000DB
:10A1840000000000000000000000000000000000CB
:10A1940000000000000000000000000000000000BB
:10A1A40000000000000000000000000000000000AB
:10A1B400000000000000000000000000000000009B
:10A1C400000000000000000000000000000000008B
:10A1D400000000000000000000000000000000007B
:10A1E400000000000000000000000000000000006B
:10A1F400000000000000000000000000000000005B
:10A20400000000000000000000000000000000004A
:10A21400000000000000000000000000000000003A
:10A22400000000000000000000000000000000002A
:10A23400000000000000000000000000000000001A
:10A24400000000000000000000000000000000000A
:10A2540000000000000000000000000000000000FA
:10A2640000000000000000000000000000000000EA
:10A2740000000000000000000000000000000000DA
:10A2840000000000000000000000000000000000CA
:10A2940000000000000000000000000000000000BA
:10A2A40000000000000000000000000000000000AA
:10A2B400000000000000000000000000000000009A
:10A2C400000000000000000000000000000000008A
:10A2D400000000000000000000000000000000007A
:10A2E400000000000000000000000000000000006A
:10A2F400000000000000000000000000000000005A
:10A304000000000000000000000000000000000049
:10A314000000000000000000000000000000000039
:10A324000000000000000000000000000000000029
:10A334000000000000000000000000000000000019
:10A344000000000000000000000000000000000009
:10A3540000000000000000000000000000000000F9
:10A3640000000000000000000000000000000000E9
:10A3740000000000000000000000000000000000D9
:10A3840000000000000000000000000000000000C9
:10A3940000000000000000000000000000000000B9
:10A3A40000000000000000000000000000000000A9
:10A3B4000000000000000000000000000000000099
:10A3C4000000000000000000000000000000000089
:10A3D4000000000000000000000000000000000079
:10A3E4000000000000000000000000000000000069
:10A3F4000000000000000000000000000000000059
:10A404000000000000000000000000000000000048
:10A414000000000000000000000000000000000038
:10A424000000000000000000000000000000000028
:10A434000000000000000000000000000000000018
:10A444000000000000000000000000000000000008
:10A4540000000000000000000000000000000000F8
:10A4640000000000000000000000000000000000E8
:10A474000000000003000000040E04200004042077
:10A4840000000000040E04206C0E0420D40E0420EE
:10A4940000000000000000000000000000000000B8
:10A4A40000000000000000000000000000000000A8
:10A4B4000000000000000000000000000000000098
:10A4C4000000000000000000000000005C0F0420F9
:10A4D4004300000000000000000000000000000035
:10A4E4000000000000000000000000000000000068
:10A4F4004300000000000000000000000000000015
:10A504000000000000000000000000000000000047
:10A5140043000000000000000000000000000000F4
:10A524000000000000000000000000000000000027
:10A5340043000000000000000000000000000000D4
:10A544000000000000000000000000000000000007
:10A5540043000000000000000000000000000000B4
:10A5640000000000000000000000000000000000E7
:10A574004300000000000000000000000000000094
:10A5840000000000000000000000000000000000C7
:10A594004300000000000000000000000000000074
:10A5A40000000000000000000000000000000000A7
:10A5B400697A0000C579000000000000C89D000011
:10A5C4006C9B0000249A0000249A0000249A000046
:10A5D400249A0000249A0000249A0000249A00007F
:10A5E400249A0000249A0000FFFFFFFFFFFFFFFFF3
:10A5F400FFFFFFFFFFFF00000100415343494900F3
:10A604000000000000000000000000000000000046
:10A6140000000000000000000000415343494900CD
:10A624000000000000000000000000000000000026
:10A63400000000000000000000000000C501000050
:04A64400A101000070
:04000003000029B51B
:00000001FF
