:1000000000400020A52B0000A12B0000A12B000028
:10001000A12B0000A12B0000A12B0000000000007C
:10002000000000000000000000000000A12B000004
:10003000A12B000000000000A12B0000A12B00005C
:10004000A12B0000E50C0000A12B0000A12B00005B
:10005000A12B0000A12B0000A12B0000A12B000070
:10006000A12B0000A12B0000A12B0000A12B000060
:10007000A12B0000A12B0000A12B0000A12B000050
:10008000A12B0000A12B0000A12B0000A12B000040
:10009000A12B0000A12B0000A12B0000A12B000030
:1000A000A12B0000A12B0000A12B0000A12B000020
:1000B000A12B0000A12B0000A12B0000A12B000010
:1000C000A12B0000A12B0000A12B0000A12B000000
:1000D000A12B0000A12B0000A12B0000A12B0000F0
:1000E000A12B0000A12B0000A12B0000A12B0000E0
:1000F000A12B0000A12B0000A12B0000000000009C
:1001000000000000000000000000000000000000EF
:1001100000000000000000000000000000000000DF
:10012000A12B0000A12B0000A12B0000A12B00009F
:10013000A12B0000A12B0000A12B0000A12B00008F
:10018000FFFFFFFFFFFFFFFFFFFFFFFFFFFFFFFF7F
:1001900003329CA77F000000FFFFFFFFFFFFFFFF70
:1001A0000348044B834202D0034B03B11847704706
:1001B000C4050420C4050420000000000548064BC7
:1001C0001B1AD90F01EBA301491002D0034B03B155
:1001D00018477047C4050420C4050420000000002F
:1001E00010B5064C237843B9FFF7DAFF044B13B17F
:1001F0000448AFF300800123237010BDC405042020
:1002000000000000808B000008B5044B1BB10449BE
:100210000448AFF30080BDE80840CFE700000000CD
:10022000C8050420808B0000A3F5803A704700BF0A
:10023000154B002B08BF114B9D46FFF7F5FF002122
:100240008B460F461148124A121A04F0BBFB0C4BA6
:10025000002B00D098470B4B002B00D09847002074
:10026000002104000D000B4803F012FE04F0FCFB1B
:100270002000290000F07EFE03F010FE00000800C0
:10028000000000000000000000400020C405042021
:10029000E40F0420B14A00002DE9F04F85B00D466F
:1002A000824603A9032000F041F8039802F014FEEF
:1002B00002460B46134804F02FFBF5B100240AF167
:1002C000040B5AF8340002F007FE804689465BF8BA
:1002D00034000D4903F050FA0C4903F001FB02F021
:1002E000FBFD06460F4642464B46CDE900670848EF
:1002F000013404F011FBAC42E3D1002005B0BDE8AD
:10030000F08F00BF7C85000000003443DA0F4940C5
:1003100084850000034618B1034A00201A60704724
:100320006FF00100704700BF0000042000B597B0D7
:10033000042822D8DFE800F02448545903000A209A
:1003400002F034F90A2805D8002001F0EFFF002060
:1003500001F0ECFF00216846CDE9001102918DF813
:100360000C1001F031FB3C22002104A804F02AFB10
:1003700004A801F08DFD02F00BF9002017B000BDBC
:100380000A2002F013F90A283BD8214B93F8B42332
:10039000002A39D0996AD8694FF0010300228DF8FC
:1003A00054300023CDE9042303F09AFA03F0AAFBAA
:1003B0000123C21E04A80D92119301F013FF002225
:1003C000134BC3F8E423D8E70A2002F0EFF80A2819
:1003D00017D8002001F0AAFF002001F0A7FFCCE70A
:1003E00001220B4B83F8E023C7E70029C5D0084B57
:1003F00093F86820012A0CBFD3F8B0331B6B0B6055
:10040000BBE76FF00800B9E76FF06300B6E700BF25
:1004100000000420000000002DE9F0430746CDB0A5
:100420000A20884602F0C2F80A2800F24D82002312
:1004300001214FF08072AC4C03A80593CDE9031263
:1004400001F020FE237D012B03D094F8B433002B60
:1004500046D1236A0025329394F8513005223D930A
:1004600094F8503039923C93012341930A233893F6
:10047000236E8DF8DC503F93E36D33953E9394F8F3
:1004800064308DF80031636B3093A36D3693636DE8
:100490003493A3693193E36E2F9394F86830012B62
:1004A00040F0FB81636FE56773B1904E31462FA832
:1004B00002F0BAF88E482FA900F0BEFF636F013535
:1004C0009D4206F10806F1D30023E3670023D4F828
:1004D00090202375C4F88820D4F89420C4F88C2088
:1004E0000021022001F0BAFD02230122CDE90B33E5
:1004F0000D93636A0AA80E938DF8282001F080FD01
:100500004FF0FF3002F00CF894F8B433002B40F0B9
:10051000B280002F00F0DB814146002900F0D78136
:100520000025384600F0C8FD012000F0E5FD714AC5
:10053000714B06A806920793CDF8215001F044FABA
:100540000B2305224893636C49923493A36D4FF4B7
:10055000406246934FF4C043CDE930324FF480738C
:1005600002223293A36C8DF81C513593236C439572
:100570003393636D2F95449394F86830ADF8DC5055
:10058000012B369200F09281206BC4F8B003A16970
:1005900001F0BEFB59493E90E06B03F0A1F95849C8
:1005A00003F0EAF84FF07C5102F0DEFF002503F083
:1005B000A9FACDE93F052FA8419501F033FB1E2391
:1005C000139340F20113ADF874304FF48073ADF81B
:1005D000543043F2E0334FF0020801274FF0030993
:1005E0001C93484B0FA8CDF85630CDE90F55CDE9F7
:1005F0001155CDE91955149517951B95CDF86080C7
:1006000001F046FCE36C1EA8209394F85130CDE92C
:100610001E77229394F85030CDE923972193236ECF
:10062000CDE92C552A93E36D2795299394F86430EE
:1006300028958DF8AC30ADF894708DF898702E95A3
:1006400001F0A4FC3946304801F082F9284601F057
:10065000C3FD4FF0014000F019FD02A901A800F010
:100660003FFD0646284600F047FD002E52D030469A
:100670004DB0BDE8F0832378012B3FF44AAF00234F
:10068000224884F8C43301F059FD012303A88DF8F2
:10069000103001F0F7FCD4F8B80301F02FFD4FF44F
:1006A0000041012001F042FF0028F8D0002601257A
:1006B000174884F8D86301F041FD03A88DF8105065
:1006C00001F0E0FC00F0B6FAA06B032101F076F92E
:1006D000082142F25C3001F019F8304684F8B45336
:1006E0004DB0BDE8F08300BF00000420900004205E
:1006F00068000420010101000001010000004844DD
:1007000000E0FF448B061F00604E1100B803042078
:10071000CC030420029A01996068C4F8C023C4F88D
:10072000C813C4F8BC03C4F8B87301F0F1FCE36D5E
:10073000216A434407FA03F33093236EA06934938C
:1007400094F851303396329394F85030CDF8BC90F1
:10075000319303F0C5F80FA936902FA800F0A8FD3B
:10076000384600F0C9FC402001F036FD4FF47A60B5
:1007700000F08CFC10224FF48063CDE91E234FF46F
:1007800081731EA82193CDF8808001F075F9394658
:10079000384601F0BBFB39464FF4814001F0D8F8F0
:1007A0004FF4487000F072FC39464FF4014001F0FC
:1007B000CFF80F9820F0404000F068FC31464CF232
:1007C000801001F0C5F80621072001F09FFB394693
:1007D0004FF4814001F0BCF84FF4487000F056FC33
:1007E00039464FF4014001F0B3F80F9820F0404033
:1007F00000F04CFC31464CF2801001F0A9F84FF4A7
:1008000080734FF4C04121934FF440631EA8CDE99B
:100810001F131E9601F030F9304601F0DDFC01F0A7
:10082000B7FE06A902A800F05BFC0646284600F0C9
:1008300063FC00F06FFCC4F8E8030A3002F02AFB06
:100840000022274B02F0A0FB23A3D3E9002302F0F0
:100850009BFB02460B460020224902F0BFFC02F03F
:100860002DFEA16AC4F8EC03054603F023F900B19C
:10087000A562002E7FF4FBAED4E9EF030299069A3D
:100880001844C4F8CC63C4F8DC13C4F8D423C4F807
:10089000D00301F03DFC2670F1E6236B12492FA82E
:1008A0002F9301F0C1FE0023237519E60F49E36E73
:1008B000A1F11C00E567C4F8B033C4F8803000F043
:1008C000BBFDD4F8800062E66FF00806CFE66FF05B
:1008D0000106CCE6AFF300808DEDB5A0F7C6B03EC3
:1008E0000000B03F0000F03F880004208400042096
:1008F0002DE9F04F914E8DB096F8B433002B00F0F7
:10090000168107460A20884601F050FE0A2800F2A8
:100910001181002001F036FE00204FF00071C8F870
:10092000000001F003FE012803D000200DB0BDE857
:10093000F08F01F09FFB20F003042146384600F0C1
:100940006DFE4FF0007001F0EBFDF26A4FEA940B80
:10095000002A08DDD6F8E43303EB94039342C6F88B
:10096000E43380F0C58096F8E033012B00F0C080BE
:1009700096F86830002B40F0B580714801F002FE17
:10098000002C00F0A8803A1F02EB84016D4C52F855
:10099000043F980354BFC3F31103234391421360F0
:1009A000F5D13C460025D6F88830CDF82C80079349
:1009B000D6F88C3008933B1DCDE90937D4F8089060
:1009C0001034484602F084FE54F804AC0746504602
:1009D00002F07EFE39468046384602F0CDFE4146A2
:1009E0000746404602F0C8FE0146384602F0BCFD0C
:1009F00002F072FA06F0FEF8CDE90001484602F076
:100A000059FA80468946CAF1000002F053FA42467C
:100A10004B4606F049F854F8109CCDE902014846CF
:100A200002F056FE54F80CAC0746504602F050FE59
:100A300039468046384602F09FFE4146074640460A
:100A400002F09AFE0146384602F08EFD02F044FAAA
:100A500006F0D0F8CDE90401484602F02BFA8046B2
:100A60008946CAF1000002F025FA42464B4606F0DC
:100A70001BF880468946DDE9000102F01FFD0746AC
:100A8000DDE9040102F01AFD0146384602F028FFB4
:100A90000746DDE9020102F011FD49468246404663
:100AA00002F00CFD0146504602F05CFD07998046BD
:100AB000384602F061FE0A9B089943F8350040462B
:100AC00002F052FD099B43F8350001355D457FF486
:100AD00075AFDDF82C8096F86830012B0CD0C8F883
:100AE00000B022E7B169D6F8840001F0C1F844E70C
:100AF000002001F01BFC40E7D6F88020F36FC6F819
:100B0000B023D6F884201049C6F8802003F11202E1
:100B100006EBC30356F83220D3F89430A1F11C0041
:100B2000C6F88820C6F88C3000F086FCD7E76FF056
:100B30006300FBE66FF00800F8E600BF0000042049
:100B4000E5470A000000FCFF84000420002330B5C4
:100B50004FF040249E4622839342B4F820C01BD21B
:100B60001CF4706F14D19645F6D21CF0080FF3D127
:100B700010F801CB0EF1010EA4F808C09A42EBD197
:100B80009645E9D14FF0402213889B07FCD530BD34
:100B9000A588013301F8015B9645EFD2E5E700BF78
:100BA0004FF48062014BA3F85C20704700000240C4
:100BB0004FF48062014BA3F85820704700000240B8
:100BC0004022024BA3F89820704700BF000002406B
:100BD0004022024BA3F89C20704700BF0000024057
:100BE000F8B170B504460F4E04EB8403B6EB430F27
:100BF0004FEA540507D2284604F00104FFF7F0FF3E
:100C00006419F1D170BD4FF0E022052304EB841488
:100C1000A400546113611369DB03FCD50023136145
:100C200070BD70479CD80900014B1868704700BF21
:100C3000E0050420012000220249034BC1F8900086
:100C40001A60704700C00440E00504204FF6FF72B0
:100C50004FF0400C70B54FF0402101244FF0000ED2
:100C600044F243361C4B09251A81A3F84820A3F807
:100C70008820B3F88420194842EA0C02A3F88420A3
:100C8000A3F898C01A6822F03F0242F015021A60D9
:100C90001A6C22F440421A64B3F8442042F4806291
:100CA000A3F84420A1F80CE00E820C839A896FEA25
:100CB00042426FEA52429A81C0F88050C0F8904098
:100CC0000221074A11604FF480627046A3F8582051
:100CD000A3F898C070BD00BF0000024000C00440EF
:100CE00000E100E001230349034AC1F8903013609A
:100CF000704700BF00C00440E00504204FF40074BA
:100D000080B590B0009401F081FC00F0EBFD002173
:100D10003D4800F01DFE002601254FF0011301A8FB
:100D20000427CDE9026504950593019601F056FB71
:100D3000022306A8CDE90733CDE909378DF81860FD
:100D400001F05EF906A88DF8185001F059F90BA8CA
:100D5000CDE90C66CDE90E660B9601F0FBFB2A4649
:100D600028464FF0FF3101F0BFFB2A464FF00071DB
:100D7000304601F0B9FB4FF0FF3001F0D1FB0BA87A
:100D8000FFF7C8FA0B224FF0FF310B9BDFF87CE036
:100D9000DFF87CC0DFF87C80D9621D6683F8645080
:100DA00083F868502146C3E90164C3F83480C3F86E
:100DB00030E05F62C3F828C0DA651748FFF72CFB04
:100DC000164D31463046FFF7B1FA0B96FFF72CFF70
:100DD00070B1FFF72FFF69460F480094FFF788FDB9
:100DE000009961B900230B93FFF71EFF0028F0D193
:100DF0000B9B0133AB420B93E8D90B90E6E7064817
:100E0000FFF74AFAEEE700BFE0FF39000050434722
:100E10000000A04100401C46E4050420C0C62D008F
:100E2000344A2DE9F8431368334923F4700343F43B
:100E3000A00313604A68074612F47C5FC2F30523DF
:100E400040D04FF400692C485A010168002301F09A
:100E500003010129B9FBF2F93DD0022941D000215B
:100E6000264D0326264C2846A68502F06BFE3A4600
:100E7000FB1702F067FE421E2285D317A5FB09016E
:100E800002F060FE3A46FB1702F05CFE00220123EE
:100E9000A0F5006040F40840A084A280A6812384CD
:100EA000238C43F006032384238C23F0060323843E
:100EB0004FF48042134B1A600523A380A08A80B2AE
:100EC000BDE8F8830C484FF040090168202201F08A
:100ED00003010129C1D1016811F40071BFD10A4D8C
:100EE000BFE7C568094905F01F0501FB05F50021AD
:100EF000B7E700BF0000024000C3044080BA8C0185
:100F00000050004000E100E00024F40040420F00E7
:100F10004FF0C90C4CF614300A2110B5114A124C8E
:100F2000124B82B0A4F808C0D0601161019303E0B5
:100F3000019B013B019313B113691B05F8D50022F6
:100F40004CF6143C40F20121094B064C4FF4613041
:100F5000C4F80CC019605A605A61FFF761FF0120A4
:100F600002B010BD00C10440002C0040A08601006A
:100F700000C3044008B50020FFF7CAFF0020FFF7B8
:100F800065FEFFF7BBFE00BF101E18DD00B54FF079
:100F90000D0E01390A4A00EB010C11F8013F0A2B32
:100FA00006D01380938A9B06FCD56145F5D100BD20
:100FB000A2F800E0938A9B06FCD50B78F1E7704716
:100FC000005000404FF0FF30704700BF00207047D6
:100FD000012070470020704700207047042200B5B0
:100FE00083B003BA0DEB020168460093FFF7AEFD34
:100FF000019800BA03B000BD30B583B00446FFF7D6
:10100000CFFD20230122684601A98DF80030FFF7AB
:101010009DFD63BA0222684601A9ADF80030FFF7D2
:1010200095FDFFF7C5FDFFF7BBFD6D2300250122F0
:10103000684601A98DF80030FFF788FD0122684657
:1010400001A98DF80050FFF781FD42F21403A4F5C9
:101050008054A4B29C4208D82846FFF7BFFF04463C
:10106000FFF7A6FD204603B030BD6846022201A965
:10107000ADF80050FFF76AFDBDF80440FFF798FD9A
:1010800064BAA4B2204603B030BD00BF094BD96892
:101090005A69D3F804C00A44944506D99A6842F8BC
:1010A0002100DA680132DA6070476FF003029A615A
:1010B000704700BFE40D042001298C460DD90021A2
:1010C0000CF18042054B013A00EB8202C3E901C0FA
:1010D000C3E90312C3E9051119707047E40D042038
:1010E000044B08B19A68026009B1DA680A6098692D
:1010F000704700BFE40D042010B9054B187070470D
:1011000000220120024BDA609A611870704700BF1C
:10111000E40D0420094B586970B19B6803EB800112
:101120000020043B043953F8042F5FEA927C0CBF83
:10113000801801309942F6D1704700BFE40D0420B9
:1011400000B5C3688E46012B85B021D0D3B9D0F845
:1011500000C0BCF1020F35D02A4A90F804C0002329
:1011600092E803006A46009027488DF8041003C8EF
:1011700002908DF80C1011780132614533D00133A3
:10118000052BF8D1002318468EF8003005B000BDBD
:101190000368022BE0D01D4B90F804C0002293E8B6
:1011A00003006B4600901A48ADF8041003C8029083
:1011B000ADF80C101978013361451BD00132062AB5
:1011C000F8D1DFE7134A017912680929ADF8082040
:1011D0004FEA12428DF80A2005D00A290FD00B29B8
:1011E00008BF6346CED16B441B7A8EF800300120D5
:1011F00005B000BD6A44137A8EF80030F7E701238A
:10120000F1E700BF9085000098850000A0850000F0
:10121000A8850000B0850000C3688C46012B0FD064
:101220004BB90368022B2CD00379072B2ED00B2B44
:1012300008BF05232BD0002318468CF800307047D8
:101240000368022BF0D000B5174B85B090F804E08E
:10125000002293E803006B4600901448ADF8041098
:1012600003C80290ADF80C1019780133714512D003
:101270000132062AF8D1002318468CF8003005B058
:1012800000BD0379092B0CD00B2BD4D10A230120EC
:101290008CF8003070476A44137A01208CF80030D3
:1012A000EDE70F23F3E700BFB4850000BC85000025
:1012B000F0B50F46044600269BB0DFF878C10DF16B
:1012C000340EBCE80F00AEE80F00BCE80F00AEE83B
:1012D0000F00BCE80F00AEE80F005CF8043B02AD65
:1012E000CEF800309CE80F003E6085E80F00002C2F
:1012F0003BD0E3680B2B38D8A268022A35D8216985
:10130000032932D82068042800F29280DFE800F038
:101310002F3B52650300217E06A809910DF10201C1
:1013200006920793FFF70CFF054618B19DF802508F
:10133000013DEDB206A80DF10301FFF76DFF20B1ED
:101340009DF80330013B2B44DDB202226368204646
:101350002B446360226001A9FFF7AAFF042263689F
:1013600001985B1B2260636038601BB0F0BD606851
:1013700000EB8000800002F0A7F9E16902F0FCF9BF
:1013800002F0C0FBF0E760680DEB820200EB80002A
:1013900093688000283003FB00F0143002F094F9C9
:1013A000E16902F0E9F94FF07C5102F0DDF802F05A
:1013B000A9FBD9E701220DEB830361685B6B204633
:1013C00001FB03331344C4E9002301A9FFF770FFB5
:1013D0000223019823600F30C6E76369032B25D8E9
:1013E000DFE803F01D1A11020122636811448B40EB
:1013F0002046636001A92260FFF75AFF0198193067
:1014000003232360B0E70023204601A92360FFF7F0
:101410004FFF01981930F3E701232046F5E7637E7B
:101420002046002B0CBF04230223EEE71920E7E738
:10143000002099E7C48500002DE9F04FC268037CC5
:101440000746894645688468D0F8148085B0561EE2
:10145000002B45D021462846009202F02BFB009A33
:10146000002840F0A08008F1FF3393429A4628BF3D
:10147000334621467B61284628BFB24602F030FA47
:1014800001F02AFD05F012FB07463046884601F0C0
:1014900001FD02460B463846414601F09FFE0646D6
:1014A00050460F4601F0F6FC02460B4630463946E0
:1014B00001F06AFD02460B460020574905F02CFB5F
:1014C00006460F46204601F007FD32463B4601F036
:1014D0005BFD01F0F3FFC9F8000005B0BDE8F08F37
:1014E000214628460092039302F0E4FA009AA0BB3A
:1014F00008F1FF3090422ABF3346034630467B61F5
:1015000001F0C8FC074688462846214602F02AF822
:1015100001F0E2FC02460B463846414601F034FD3C
:1015200007463046884601F0B5FC02460B46384671
:10153000414601F053FE06460F46204601F0CCFC22
:1015400002460B463046394601F068FB01F0B6FF13
:10155000C9F8000005B0BDE8F08F08F10100904225
:10156000804653D001F096FC02460B46C7F8148023
:1015700029462046CDE9002301F0F4FF01F0ACFC40
:10158000DDE9002301F000FD07463046884601F002
:1015900081FC02460B463846414601F01FFE0646D6
:1015A0000F462846CAE708F10103934228D018469F
:1015B000009301F06FFC82468B46009B7B612946BD
:1015C000204602F08DF901F087FC05F06FFA5246D3
:1015D0005B4601F0D9FC07463046884601F05AFCCC
:1015E00002460B463846414601F0F8FD02460B46DE
:1015F0000020094905F090FA06460F46284662E7A2
:101600000021002200238A469346D7E74FF00008C6
:1016100000220023AAE700BF000024402DE9F04388
:1016200002290E46804683B039D8FFF7B9FA202345
:1016300001AF0122394668468DF80030FFF786FA7F
:1016400046F62043022239466846ADF80030FFF7DF
:101650007DFAFFF7ADFAFEB144464FF06D094FF049
:10166000000804EB8606FFF79BFA0122394668461C
:101670008DF80090FFF76AFA0122394668468DF826
:101680000080FFF763FA0020FFF7A8FC44F8040B82
:10169000FFF78EFAA642E6D103B0BDE8F083FFF76C
:1016A0007FFA5F2301AF0122394668468DF800308A
:1016B0000624FFF74BFA4FF000090122394668462D
:1016C0008DF80090FFF742FA013CF6D1023EA8F1F6
:1016D00004050020FFF782FC0134B44245F8040FF2
:1016E000F7D14FF04430FFF779FC03464FF0443018
:1016F00048F82430FFF772FCA500043548F80500CF
:1017000003B0BDE8F043FFF753BA00BFF0B5524C49
:1017100083B02378012B3BD004460D46FFF740FAF7
:1017200020230122684601A98DF80030FFF70EFA48
:1017300063BA0222684601A9ADF80030FFF706FA45
:10174000FFF736FAFFF72CFA2D230122684601A98C
:101750008DF80030FFF7FAF942F21403A4F5805433
:10176000A4B29C420CD96BBA0222684601A9ADF81A
:101770000030FFF7EBF903B0BDE8F040FFF718BA0F
:101780002846FFF72BFC03B0BDE8F040FFF710BA86
:10179000B0F5085F04D36FF00403A36103B0F0BD9C
:1017A000D4F80CE0BEF1000F29D0236900221E46B8
:1017B0008708C0F3870502E0013272451FD093F815
:1017C00000C004336545F7D1636956F82200D4F8A8
:1017D00004C0734461F31F20634546F8220015D20C
:1017E0003B0603F0FE4321F07F41A2680B4343F028
:1017F000004342F82E30E3680133E360CEE76369CB
:10180000D4F804C003EB0E02624503D36FF0030368
:10181000A361C3E7820820691506061F266100F848
:10182000042C50F8042C013361F31F2240F8042CDF
:1018300005F0FE4521F07F416361734445EA0102F2
:10184000634542F00042E1D2A36843F82E20E368EA
:101850000133E360A2E700BFE40D042030B5204C63
:1018600083B02378012B04D003B0BDE83040FFF7EC
:10187000C3BBD4F80CC0BCF1000F12D02369002206
:101880001D46C0F3870E02E00132944509D0197855
:1018900004338E45F8D155F82200C0F3172003B069
:1018A00030BD0190FFF7A8FB6169E26863680A44F4
:1018B0009A4211D22269019BA2F1040C9B08C4F840
:1018C00010C002F8043C52F8043C013160F31F23BD
:1018D00042F8043C6161E2E76FF00303A361DEE7D5
:1018E000E40D042010B59CB070221649684603F040
:1018F00004F90022144B6C46C3E90522DA601A7021
:10190000FFF756F9616834F8080BFFF7FFFE1CABD0
:101910009C42F7D140F20440FFF7A0FFA0F5AA4394
:10192000013B012B04D9B0F5AA4F06D01CB010BD65
:101930000122064B1A701CB010BD0022034B1A7016
:101940001CB010BD70860000E40D0420000E0420C1
:1019500010B5044682B04FF400500191FFF77EFFAE
:10196000019904F02003012914D073B9230344BF63
:1019700040F4002024F4002420EA04014FF4005035
:1019800002B0BDE81040FFF7C1BE40F0200024F0D7
:101990002004EBE71BB120F0200024F020042203F8
:1019A00044BF20F4002024F4002444EA00014FF452
:1019B000005002B0BDE81040FFF7A8BE40EA810128
:1019C00042F2F020FFF7A2BE10B504464FF40050DB
:1019D000FFF744FF2378002B4AD020F020014FF47A
:1019E0000050FFF793FE4FF40650FFF737FF014614
:1019F0006378012BA37808BF40F00101012BE37845
:101A000008BF41F01001012B237908BF41F0040108
:101A1000012B637A08BF41F02001012BA37A08BF94
:101A200041F48071012BE37A08BF41F00201012BE0
:101A3000237B08BF41F00801012B08BF41F04001A2
:101A40004FF40650FFF762FEA1796379B1FA81F194
:101A5000490949000BB941F00101E37942F2500014
:101A6000BDE81040012B08BF41F00401FFF74EBE56
:101A700040F02001B3E700BF10B5044642F2501019
:101A80002168FFF743FE616842F25810FFF73EFEFF
:101A9000A16842F25410FFF739FEE16842F25C108F
:101AA000FFF734FEBDE810404FF4803142F20C00E5
:101AB000FFF72CBE30B50A290546964685B01AD8E0
:101AC00002298C460BD90831C90041EA0E01BDB983
:101AD00042F2F80005B0BDE83040FFF717BE6C4693
:101AE0000F4BBEF1040F0FCB07C424F8023B4FEAA3
:101AF000134323700BD9F82141EA0E01002DE7D0E2
:101B000042F2F40005B0BDE83040FFF7FFBD0CEB3A
:101B10008C0CEC44F4449CF80010C900ECE700BFC6
:101B2000E086000020B34369033B082B1DD883697E
:101B3000052B1AD810B5044642F2FC002168FFF7C5
:101B4000E5FDE268237C6168012B41EA421108BF90
:101B500041F0100142F2F000FFF7D8FDD4E9051280
:101B60000020FFF7A7FF002010BD6FF001007047B5
:101B70006FF00200704700BF036810B5022B0446E7
:101B80003AD0032B19D042F24800216BFFF7BEFD7B
:101B900023796279A3F10103B3FA83F35B09216826
:101BA0005B01012A08BF43F0100342F21400BDE8B4
:101BB000104043EA4101FFF7A9BDA16842F21800B5
:101BC000FFF7A4FDE16842F21C00FFF79FFD2169C9
:101BD00042F22000FFF79AFD616942F22800FFF708
:101BE00095FDA16942F22400FFF790FD42F22C001E
:101BF000E169FFF78BFDCBE7216A42F23000FFF786
:101C000085FD616A42F23C00FFF780FDA16A42F265
:101C10003800FFF77BFD42F23400E16AFFF776FD02
:101C2000B6E700BFD0E90432A3F10103B3FA83F3AE
:101C300010B5044681695B091B03012A4FEA410183
:101C400008BF43F0010301F4FF71194342F2100091
:101C5000FFF75CFD04F15000FFF764FF2046FFF73B
:101C60000BFF04F11C00BDE81040FFF785BF00BF6B
:101C700038B5254B05461B780C46012B24D0084669
:101C8000002101F00DFF30B1BDE83840002142F2E3
:101C90003000FFF73BBD28464FF0994101F06CFD45
:101CA000214601F01DFE4FF07C5101F05DFC01F07A
:101CB00029FF164B0146984228BF1946BDE8384017
:101CC00042F23000FFF722BD0846002101F0E8FE95
:101CD0000028D9D128464FF09D4101F04DFD214605
:101CE00001F0FEFD4FF07C5101F03EFC01F00AFFD7
:101CF0006FF07F439842014628BF1946BDE838403F
:101D000042F23000FFF702BD000E0420FFFF0F007B
:101D100038B51D4B05461B780C46012B19D00846DB
:101D2000002101F0BDFE08B1002038BD28464FF06B
:101D3000994101F021FD214601F0D2FD4FF07C5187
:101D400001F012FC01F0DEFE104B984228BF18464D
:101D500038BD0846002101F0A3FE0028E4D1284642
:101D60004FF09D4101F008FD214601F0B9FD4FF013
:101D70007C5101F0F9FB01F0C5FE6FF07F43984202
:101D800028BF184638BD00BF000E0420FFFF0F001B
:101D900010B50446D0E9023019016368626941EA6E
:101DA0008311237E41EAC00141EA82010BB941F06F
:101DB0000101637E0BB941F002012368C3B942F20D
:101DC0002810FFF7A3FCA18B638B01F03F01C3F345
:101DD0000B0342F2201043EA0131FFF797FC21691F
:101DE00042F22410BDE8104041F02001FFF78EBC04
:101DF00042F23410FFF78AFCA18B638B01F03F01A4
:101E0000C3F30B0342F22C1043EA0131FFF77EFCCF
:101E1000216942F23010BDE8104041F02001FFF787
:101E200075BC00BF10B5017E437EB1FA81F149094E
:101E3000044649000BB941F0010123696268042B93
:101E400018BF41EAC301D4E902304FEA832343EAD1
:101E5000401343EA4233226808BF41F004011943AA
:101E600052B942F2EC00FFF751FC616942F2E40022
:101E7000BDE81040FFF74ABC42F2E800FFF746FC1D
:101E8000616942F2E000BDE81040FFF73FBC00BFCF
:101E900000B583B00190FFF77BFF0198203003B0BD
:101EA0005DF804EBFFF7BEBF10B5044642F24400F4
:101EB000FFF7D4FC237CE268012B00F08001637CF7
:101EC00041EA020108BF41F01001A268012BD4E9E8
:101ED00000304FEA033343EA002343EA823308BF6A
:101EE00041F04001194342F24400FFF70FFC237D0B
:101EF00003B910BD4FF40050FFF7B0FCBDE810402F
:101F000040F480314FF40050FFF700BC10B5044698
:101F100082B042F2A8100191FFF7A0FC20F4F9531F
:101F200042F2A810019923F01F0344EA012119434A
:101F300002B0BDE81040FFF7E9BB00BF10B5044692
:101F400042F24400FFF78AFC6368032B15D020F0AF
:101F5000800142F24400FFF7D9FB6168090522685D
:101F6000237A41EA0211012B42F2D000BDE8104071
:101F700008BF41F00101FFF7C9BB40F0800142F208
:101F80004400FFF7C3FB0021E9E700BF10B504469A
:101F9000D4E9012321681B0443EA0223194342F2D6
:101FA000A810FFF7B3FB04F10C00FFF77DFFA18C35
:101FB00042F2A800FFF7AAFBE18C42F2AC00FFF767
:101FC000A5FB218D42F2B000FFF7A0FB618D42F22C
:101FD000B400FFF79BFB04F12C00FFF7AFFFD4E93F
:101FE0000E1294F84030C90141EA021142F2C410C5
:101FF000BDE81040012B08BF41F00101FFF786BB8F
:1020000010B50021044642F20800FFF77FFB42F2C0
:10201000D810FFF723FCD4E901239B0143EA4223B4
:1020200000F03F01194342F2D810FFF76FFB21691E
:1020300042F2E0100904FFF769FB2178E368A1F19F
:102040000101B1FA81F1BDE8104049095B0342F298
:10205000080043EAC121FFF759BB00BFA1F101010C
:10206000B1FA81F14303490942F2080043EAC12170
:10207000FFF74CBB08B54FF40850FFF7EFFB000C1F
:1020800008BD00BF38B5044642F20800FFF7E6FB82
:102090000021054642F20800FFF738FB42F2D81053
:1020A000FFF7DCFB236820F03F01194342F2D81010
:1020B00041F00801FFF72AFBE3799BB92379A16876
:1020C000A3F10103B3FA83F35B0943EA012142F26E
:1020D0000400FFF71BFB2946BDE8384042F2080028
:1020E000FFF714BB002142F20400FFF70FFB0021B1
:1020F00042F26400FFF70AFBE0E700BF032800D9C3
:102100007047012181404FF48660FFF7FFBA00BF9E
:1021100092B170B504460D468618214642F2D4109D
:10212000FFF7F4FA013442F2700055F8041BFFF790
:10213000EDFAA642F1D170BD704700BF026870B5DC
:102140000546032A0BD8DFE802F002261A0ED0E972
:10215000012142F2CC1042EA0141FFF7D7FA2A7B73
:10216000012A23D070BDD0E9012142F2E41042EAF5
:102170000141FFF7CBFA2A7B012AF3D116E0D0E91F
:10218000012142F2D01042EA0141FFF7BFFA2A7B57
:10219000012AE7D10AE0D0E9012142F2E81042EA3F
:1021A0000141FFF7B3FA2A7B012ADBD1AA68002A92
:1021B000D8D06C682D69A618214642F2D410FFF7DA
:1021C000A5FA013442F2700055F8041BFFF79EFA9D
:1021D000B442F1D170BD00BF014642F25400FFF796
:1021E00095BA00BF10B5044640F60800A18EFFF76F
:1021F0008DFAE18E40F60C0001F00F01FFF786FA30
:10220000A18C4FF40160FFF781FAE18C40F61400D5
:1022100001F00F01FFF77AFA218F40F61800FFF75F
:1022200075FA618F40F61C0001F00F01FFF76EFA9E
:10223000218D4FF40260FFF769FA618D40F62400AA
:1022400001F00F01FFF762FAA18F40F62800FFF7B7
:102250005DFAE18F40F62C0001F00F01FFF756FA0E
:10226000A18D4FF40360FFF751FAE18D40F6340081
:1022700001F00F01FFF74AFAB4F8401040F63800B9
:10228000FFF744FAB4F8421040F63C0001F00F01A9
:10229000FFF73CFA218E4FF40460FFF737FA618EA6
:1022A00040F6440001F00F01FFF730FA012140F63B
:1022B0001C20FFF72BFAD4E9023261689B0012015F
:1022C00002F0300203F00C03134301F003010B434F
:1022D000D4E9041289014FEA022CC9B219430CF463
:1022E000407C4CEA010CD4E906319A020B03216AC6
:1022F00002F4406242EA0C0203F4405389031343A0
:1023000089B2194340F60400FFF700FA94F844300C
:102310002168A3F10103B3FA83F3BDE810405B0920
:102320004FF4006043EA4101FFF7F0B910B50446ED
:102330004FF40060FFF792FA012C14BF20F0010166
:1023400040F0010189B24FF40060BDE81040FFF792
:10235000DDB900BF38B505464FF48260FFF77EFA5D
:102360004408420002F4007204F48074C3B21443BF
:102370001C434FF4826044F02001FFF7C7F942F29A
:10238000BC00FFF76BFA012D13D040F0040142F2BC
:10239000BC00FFF7BBF94FF42160FFF75FFA83053C
:1023A000F9D524F020014FF48260BDE83840FFF7F2
:1023B000ADB920F0040142F2BC00FFF7A7F94FF4D9
:1023C0002160FFF74BFA8205F9D524F020014FF484
:1023D0008260BDE83840FFF799B900BF38B50446C0
:1023E0004FF42160FFF73AFAE37C0546012B35D024
:1023F000237C012B48D0A37C012B61D0D4E90213AC
:102400009B0103F4707301F03F0119434FF48160A5
:10241000FFF77CF90A20FEF7E3FBD4E9003140F234
:10242000144043EA8101FFF771F9E37C0BB925F011
:102430000405237C0BB925F00205A37C0BB925F01C
:1024400001054CF6143140F60C20FFF75FF92946E0
:10245000BDE838404FF42160FFF758B94CF614310D
:1024600040F60C2045F00405FFF750F929464FF4DB
:102470002160FFF74BF94FF42160FFF7EFF94105B9
:10248000F9D5237C012BB6D14CF6143140F60C2043
:1024900045F00205FFF73AF929464FF42160FFF7AE
:1024A00035F94FF42160FFF7D9F98205F9D5607C41
:1024B000012818BF0020FFF74DFFA37C012B9DD101
:1024C0004CF6143140F60C2045F00105FFF71EF9DB
:1024D00029464FF42160FFF719F94FF42160FFF707
:1024E000BDF9C305F9D589E710B543F2080343F2F6
:1024F0000C04012818BF1C4682B02046CDE90021FB
:10250000FFF7ACF9009A0199012A0CBF014320EAB8
:102510000101204602B0BDE81040FFF7F7B800BF48
:10252000014643F20400FFF7F1B800BF43F2100385
:1025300043F2140200B5002814BF1046184683B0B9
:102540000191FFF78BF90199084214BF0120002087
:1025500003B000BD10B5044600202168FFF7D6F88F
:1025600061680420FFF7D2F8A1680C20FFF7CEF8CD
:10257000E1680820FFF7CAF821691420BDE810407F
:10258000FFF7C4B8014642F21810FFF7BFB800BF0A
:1025900008B5002142F21C10FFF7B8F8BDE808406A
:1025A000012142F21C10FFF7B1B800BF70B506461A
:1025B0004FF48060FFF752F944F24415A84222D04C
:1025C000002E4FF0010408DC0BE04FF48060FFF7B1
:1025D00045F9A84204F1010401D0A642F5D22046F3
:1025E00070BD4FF48060FFF739F9A84208D04FF46E
:1025F0008060FFF733F9A84204F10204F1D1EEE75D
:102600000134204670BD0124E9E700BF08B5FEF79C
:10261000DFFAC820FEF7E4FAFEF7D2FABDE8084078
:102620004FF4FA70FEF7DCBA2DE9F04F0446D1B052
:10263000D84D0DF1340C88460FCDACE80F000FCD0E
:10264000ACE80F0005F11C0755F8043B0DF11C0E1A
:10265000CCF800300FCDAEE80F0095E8030016AEC1
:102660008EE803000FCF0FC60FCF0FC697E80F00FD
:1026700086E80F00002C00F087826568002128465C
:10268000CDF8048001F00CFA002840F07A82B8F10D
:10269000000F00F07982C049E06801F029FA63690F
:1026A0008046082B00F004820DAA52F82390284699
:1026B00000F012FC0022B94B00F066FC06464846CA
:1026C0000F4600F0E7FB02460B463046394600F065
:1026D00085FD00F0F3FEB249064601F0F5F9074624
:1026E0003046002F40F0D481AE4901F0EDF90546A7
:1026F0003046002D00F02182AA4901F0F1F8AA49E4
:1027000001F03AF8014600F02FFF012501F0FAF937
:102710004619EE4040F2FF7343F20C009E4228BF80
:102720001E46FFF79BF8009043F20C00FFF796F867
:1027300040F0020143F20C00FEF7E8FF4FF40050B6
:10274000FFF78CF820F4471121F47F5141F4002168
:102750004FF4005041F02001FEF7D8FF0023934AC8
:1027600003A8CDF8153004930392FFF72DF9072342
:10277000CDE93757399304F110050DF58E7C04F13E
:10278000300E674628686968AA68EB681035754599
:102790000FC70CF1100CF4D14FF400732868012519
:1027A000CCF80000359340F60213369302233A9397
:1027B00040F20113ADF8EC307D4BD4F808901B7853
:1027C00000214846AB420CBF1E271A27CDE93355DE
:1027D00001F066F9002840F07B81A7F12001C7F1E4
:1027E000200325FA03F305FA01F1194305FA07F06E
:1027F00000F084FF216800F0BFFF494601F070F847
:102800004FF07C5100F0B0FE01F07CF91A2F14BF9C
:102810006FF07F43674B984228BF18460025CDE9EB
:10282000420633A8CDE94455FFF7FCF901231422F1
:102830002493ADF8A4308DF8A830B8FA88F024239A
:102840002392032222934009A36B216C28902792A4
:10285000E06B626C26932DAB2C9507C3636B22A8AB
:102860002593CDE930552B953295FFF78FFB4FF42B
:102870000050FEF7F3FF40F4881141F464614FF417
:102880000050FEF743FF4FF40050FEF7E7FF40F41F
:1028900081414FF40050FEF739FF1920FEF7A0F9EF
:1028A0004FF40050FEF7DAFF40F401414FF40050BE
:1028B000FEF72CFF43F21400FEF7D0FF8107F9D595
:1028C0004FF40050FEF7CAFF20F4414121F080018F
:1028D0004FF40050FEF71AFF022143F20400FEF706
:1028E00015FF42F27800FEF7B9FF054642F27C0080
:1028F000FEF7B4FF064642F2A810FEF7AFFF20F441
:10290000F95121F01F0141F4807141F0010142F2BF
:10291000A810FEF7FBFE4FF40050FEF79FFF40F4B7
:1029200081414FF40050FEF7F1FE1920FEF758F9EF
:102930004FF40050FEF792FF40F401414FF4005075
:10294000FEF7E4FE43F21400FEF788FF8207F9D594
:102950004FF40050FEF782FF20F4414121F0800146
:102960004FF40050FEF7D2FE022143F20400FEF7BE
:10297000CDFE42F27800FEF771FF074642F27C007E
:10298000FEF76CFF01460C4B15F4003F45EA0302CD
:1029900014E000BFF08600000050C34B008096405A
:1029A000000020420000484300E0FF440101010014
:1029B000000E0420FFFF0F000000FCFF14BF1046B4
:1029C000284616F4003F46EA030508BF354617F4CB
:1029D000003F47EA030943EA010308BFB94611F47F
:1029E000003F14BF1F460F4600F072FE06466842C5
:1029F00000F06EFE31460546304600F0BDFE294629
:102A00008046284600F0B8FE0146404600F0ACFD86
:102A10008046C9F1000000F05BFE8146384600F0B8
:102A200057FE49468246304600F0A6FE5146834690
:102A3000284600F0A1FE67680146584600F094FD64
:102A4000414600F04DFF394600F096FE5146834660
:102A5000304600F091FE49460646284600F08CFEBE
:102A60000146304600F07EFD414600F039FF394610
:102A700000F082FEA36C054663BB019BC3F800B067
:102A80005860009B9B074DD5002051B0BDE8F08FEA
:102A90003F4900F025FF3F4900F06EFE014600F07F
:102AA00063FD012701F02EF8C6193D46FE4031E6D0
:102AB000636AD4F818900A2B3FF4F9AD0DEB830349
:102AC0009A6DA36A07A951F8233013449944EEE59F
:102AD0000020A3E65946584600F04EFE294604461B
:102AE000284600F049FE0146204600F03DFD00F07A
:102AF000F3F904F07FF800F0E1FC0346019C58462E
:102B0000236000F0E9F906460F46284600F0E4F994
:102B10003B46324603F0C8FF00F0D0FC009B6060EB
:102B20009B07B1D443F20C00FEF798FE20F002019F
:102B300043F20C00FEF7EAFDA6E7174900F0C4FFD8
:102B40000746304677B1144900F0CAFE114900F03B
:102B500013FE014600F008FD012700F0D3FFC6195F
:102B6000FE40D7E50D4900F0BBFE0A4900F004FE27
:102B7000014600F0F9FC00F0C5FF461C3D46760812
:102B8000C8E56FF0010080E76FF002007DE700BF4D
:102B90000000204200E0FF440000A0430000C844C1
:102BA000FEE700BF08B5084A084B934208D2013A35
:102BB000D21A22F0030218460549043201F09DFFA3
:102BC00000F008F8FDF734FBC405042000000420E1
:102BD0008C8B000044F659020A4BDA605A6942F0C5
:102BE00003025A61EFF3108272B64FF4E021064BF4
:102BF000064898605962BFF36F8FBFF34F8F82F31F
:102C00001088704700C0044000ED00E000000000A4
:102C100081F0004102E000BF83F0004330B54FEA8D
:102C200041044FEA430594EA050F08BF90EA020FFA
:102C30001FBF54EA000C55EA020C7FEA645C7FEA8D
:102C4000655C00F0E2804FEA5454D4EB5555B8BFB0
:102C50006D420CDD2C4480EA020281EA030382EA21
:102C6000000083EA010180EA020281EA0303362DB3
:102C700088BF30BD11F0004F4FEA01314FF4801C86
:102C80004CEA113102D0404261EB410113F0004F98
:102C90004FEA03334CEA133302D0524263EB43034F
:102CA00094EA050F00F0A780A4F10104D5F1200EED
:102CB0000DDB02FA0EFC22FA05F2801841F1000148
:102CC00003FA0EF2801843FA05F359410EE0A5F11C
:102CD00020050EF1200E012A03FA0EFC28BF4CF04D
:102CE000020C43FA05F3C01851EBE37101F0004503
:102CF00007D54FF0000EDCF1000C7EEB00006EEB10
:102D00000101B1F5801F1BD3B1F5001F0CD3490899
:102D10005FEA30004FEA3C0C04F101044FEA4452F0
:102D200012F5800F80F09A80BCF1004F08BF5FEA77
:102D3000500C50F1000041EB045141EA050130BD57
:102D40005FEA4C0C404141EB0101013C28BFB1F569
:102D5000801FE9D291F0000F04BF01460020B1FAB4
:102D600081F308BF2033A3F10B03B3F120020CDA87
:102D70000C3208DD02F1140CC2F10C0201FA0CF065
:102D800021FA02F10CE002F11402D8BFC2F1200CCA
:102D900001FA02F120FA0CFCDCBF41EA0C01904080
:102DA000E41AA2BF01EB0451294330BD6FEA0404C9
:102DB0001F3C1CDA0C340EDC04F11404C4F12002B4
:102DC00020FA04F001FA02F340EA030021FA04F3C6
:102DD00045EA030130BDC4F10C04C4F1200220FA1D
:102DE00002F001FA04F340EA0300294630BD21FA5B
:102DF00004F0294630BD94F0000F83F4801306BF21
:102E000081F480110134013D4EE77FEA645C18BF14
:102E10007FEA655C29D094EA050F08BF90EA020FAB
:102E200005D054EA000C04BF1946104630BD91EAA3
:102E3000030F1EBF0021002030BD5FEA545C05D1A6
:102E40004000494128BF41F0004130BD14F58004E5
:102E50003CBF01F5801130BD01F0004545F0FE4159
:102E600041F470014FF0000030BD7FEA645C1ABF8E
:102E7000194610467FEA655C1CBF0B46024650EAC5
:102E8000013406BF52EA033591EA030F41F40021F1
:102E900030BD00BF90F0000F04BF0021704730B577
:102EA0004FF4806404F132044FF000054FF000014C
:102EB00050E700BF90F0000F04BF0021704730B50D
:102EC0004FF4806404F1320410F0004548BF4042E2
:102ED0004FF000013EE700BF42004FEAE2014FEA37
:102EE00031014FEA02701FBF12F07F4393F07F4F12
:102EF00081F06051704732F07F4208BF704793F015
:102F00007F4F04BF41F40021704730B54FF4607427
:102F100001F0004521F000411CE700BF50EA01022A
:102F200008BF704730B54FF000050AE050EA0102D3
:102F300008BF704730B511F0004502D5404261EB43
:102F400041014FF4806404F132045FEA915C3FF484
:102F5000D8AE4FF003025FEADC0C18BF03325FEA21
:102F6000DC0C18BF033202EBDC02C2F1200300FAD2
:102F700003FC20FA02F001FA03FE40EA0E0021FAF7
:102F800002F11444BDE600BF70B54FF0FF0C4CF4E5
:102F9000E06C1CEA11541DBF1CEA135594EA0C0F97
:102FA00095EA0C0F00F0DEF82C4481EA030621EAD2
:102FB0004C5123EA4C5350EA013518BF52EA03350D
:102FC00041F4801143F4801338D0A0FB02CE4FF0BF
:102FD0000005E1FB02E506F00042E0FB03E54FF0EF
:102FE0000006E1FB03569CF0000F18BF4EF0010EE7
:102FF000A4F1FF04B6F5007F64F5407404D25FEAE3
:103000004E0E6D4146EB060642EAC62141EA555195
:103010004FEAC52040EA5E504FEACE2EB4F1FD0CD7
:1030200088BFBCF5E06F1ED8BEF1004F08BF5FEA55
:10303000500E50F1000041EB045170BD06F0004607
:1030400046EA010140EA020081EA0301B4EB5C04B4
:10305000C2BFD4EB0C0541EA045170BD41F48011AC
:103060004FF0000E013C00F3AB8014F1360FDEBFD1
:10307000002001F0004170BDC4F10004203C35DAAD
:103080000C341BDC04F11404C4F1200500FA05F330
:1030900020FA04F001FA05F240EA020001F00042D1
:1030A00021F0004110EBD37021FA04F642EB060147
:1030B0005EEA430E08BF20EAD37070BDC4F10C0471
:1030C000C4F1200500FA04F320FA05F001FA04F235
:1030D00040EA020001F0004110EBD37041F1000121
:1030E0005EEA430E08BF20EAD37070BDC4F120052C
:1030F00000FA05F24EEA020E20FA04F301FA05F294
:1031000043EA020321FA04F001F0004121FA04F23B
:1031100020EA020000EBD3705EEA430E08BF20EA0B
:10312000D37070BD94F0000F0FD101F00046400045
:1031300041EB010111F4801F08BF013CF7D041EAC7
:10314000060195F0000F18BF704703F000465200CB
:1031500043EB030313F4801F08BF013DF7D043EA9C
:103160000603704794EA0C0F0CEA135518BF95EA52
:103170000C0F0CD050EA410618BF52EA4306D1D1D9
:1031800081EA030101F000414FF0000070BD50EAF8
:10319000410606BF1046194652EA430619D094EA82
:1031A0000C0F02D150EA013613D195EA0C0F05D16C
:1031B00052EA03361CBF104619460AD181EA0301C0
:1031C00001F0004141F0FE4141F470014FF0000078
:1031D00070BD41F0FE4141F4780170BD70B54FF013
:1031E000FF0C4CF4E06C1CEA11541DBF1CEA135593
:1031F00094EA0C0F95EA0C0F00F0A7F8A4EB050475
:1032000081EA030E52EA03354FEA013100F088806B
:103210004FEA03334FF0805545EA131343EA126334
:103220004FEA022245EA111545EA10654FEA0026E9
:103230000EF000419D4208BF964244F1FD0404F5A2
:10324000407402D25B084FEA3202B61A65EB0305FE
:103250005B084FEA32024FF480104FF4002CB6EBBB
:10326000020E75EB030E22BFB61A754640EA0C003B
:103270005B084FEA3202B6EB020E75EB030E22BF7B
:10328000B61A754640EA5C005B084FEA3202B6EBBC
:10329000020E75EB030E22BFB61A754640EA9C007B
:1032A0005B084FEA3202B6EB020E75EB030E22BF4B
:1032B000B61A754640EADC0055EA060E18D04FEA09
:1032C000051545EA16754FEA06164FEAC30343EAA9
:1032D00052734FEAC2025FEA1C1CC0D111F4801F76
:1032E0000BD141EA00014FF000004FF0004CB6E76F
:1032F00011F4801F04BF01430020B4F1FD0C88BF0E
:10330000BCF5E06F3FF6AFAEB5EB030C04BFB6EB18
:10331000020C5FEA500C50F1000041EB045170BD0B
:103320000EF0004E4EEA113114EB5C04C2BFD4EB38
:103330000C0541EA045170BD41F480114FF0000EBC
:10334000013C90E645EA060E8DE60CEA135594EA38
:103350000C0F08BF95EA0C0F3FF43BAF94EA0C0F3B
:103360000AD150EA01347FF434AF95EA0C0F7FF4B0
:1033700025AF104619462CE795EA0C0F06D152EA04
:1033800003353FF4FDAE1046194622E750EA4106E8
:1033900018BF52EA43067FF4C5AE50EA41047FF4F9
:1033A0000DAF52EA43057FF4EBAE12E74FF0FF3C5E
:1033B00006E000BF4FF0010C02E000BF4FF0010C2F
:1033C0004DF804CD4FEA410C7FEA6C5C4FEA430CA8
:1033D00018BF7FEA6C5C1BD001B050EA410C0CBFF7
:1033E00052EA430C91EA030F02BF90EA020F002059
:1033F000704710F1000F91EA030F58BF994208BFC0
:1034000090422CBFD8176FEAE37040F0010070477C
:103410004FEA410C7FEA6C5C02D150EA013C07D1D3
:103420004FEA430C7FEA6C5CD6D152EA033CD3D01E
:103430005DF8040B704700BF8446104662468C4618
:103440001946634600E000BF01B5FFF7B7FF00284B
:1034500048BF10F1000F01BD4DF808EDFFF7F4FF74
:103460000CBF012000205DF808FB00BF4DF808EDFF
:10347000FFF7EAFF34BF012000205DF808FB00BF22
:103480004DF808EDFFF7E0FF94BF012000205DF844
:1034900008FB00BF4DF808EDFFF7CEFF94BF0120F9
:1034A00000205DF808FB00BF4DF808EDFFF7C4FFF2
:1034B00034BF012000205DF808FB00BF4FEA410245
:1034C000B2F1E04324BFB3F5001CDCF1FE5C0DD982
:1034D00001F0004C4FEAC0024CEA5070B2F1004FCC
:1034E00040EB830008BF20F00100704711F0804FCF
:1034F00021D113F13872BCBF01F00040704741F494
:1035000080114FEA5252C2F11802C2F1200C10FA97
:103510000CF320FA02F018BF40F001004FEAC1237B
:103520004FEAD32303FA0CFC40EA0C0023FA02F31F
:103530004FEA4303CCE77FEA625307D150EA0133F5
:103540001EBF4FF0FE4040F44000704701F00040C5
:1035500040F0FE4040F40000704700BF80F00040A3
:1035600002E000BF81F0004142001FBF5FEA41035B
:1035700092EA030F7FEA226C7FEA236C6AD04FEA5B
:103580001262D2EB1363C1BFD218414048404140A0
:10359000B8BF5B42192B88BF704710F0004F40F452
:1035A000000020F07F4018BF404211F0004F41F46E
:1035B000000121F07F4118BF494292EA030F3FD03A
:1035C000A2F1010241FA03FC10EB0C00C3F120034D
:1035D00001FA03F100F0004302D5494260EB4000DC
:1035E000B0F5000F13D3B0F1807F06D340084FEA47
:1035F000310102F10102FE2A51D2B1F1004F40EB3C
:10360000C25008BF20F0010040EA030070474900A3
:1036100040EB0000013A28BFB0F5000FEDD2B0FA40
:1036200080FCACF1080CB2EB0C0200FA0CF0AABF63
:1036300000EBC25052421843BCBFD0401843704701
:1036400092F0000F81F4000106BF80F40000013207
:10365000013BB5E74FEA41037FEA226C18BF7FEADE
:10366000236C21D092EA030F04D092F0000F08BF20
:103670000846704790EA010F1CBF0020704712F007
:103680007F4F04D1400028BF40F00040704712F146
:1036900000723CBF00F50000704700F0004343F0AB
:1036A000FE4040F4000070477FEA226216BF0846E1
:1036B0007FEA23630146420206BF5FEA412390EAA4
:1036C000010F40F4800070474FF0000304E000BF9A
:1036D00010F0004348BF40425FEA000C08BF70474B
:1036E00043F0964301464FF000001CE050EA01020F
:1036F00008BF70474FF000030AE000BF50EA010224
:1037000008BF704711F0004302D5404261EB410110
:103710005FEA010C02BF84460146002043F0B64335
:1037200008BFA3F18053A3F50003BCFA8CF2083A5A
:10373000A3EBC25310DB01FA02FC634400FA02FC63
:10374000C2F12002BCF1004F20FA02F243EB02006A
:1037500008BF20F00100704702F1200201FA02FCCC
:10376000C2F1200250EA4C0021FA02F243EB0200BF
:1037700008BF20EADC7070474FF0FF0C1CEAD05203
:103780001EBF1CEAD15392EA0C0F93EA0C0F6FD0C4
:103790001A4480EA010C400218BF5FEA41211ED0A2
:1037A0004FF0006343EA501043EA5111A0FB01318E
:1037B0000CF00040B1F5000F3EBF490041EAD37163
:1037C0005B0040EA010062F17F02FD2A1DD8B3F1DF
:1037D000004F40EBC25008BF20F00100704790F04E
:1037E000000F0CF0004C08BF49024CEA502040EAA0
:1037F00051207F3AC2BFD2F1FF0340EAC250704766
:1038000040F400004FF00003013A5DDC12F1190FA3
:10381000DCBF00F000407047C2F10002410021FA15
:1038200002F1C2F1200200FA02FC5FEA310040F12D
:10383000000053EA4C0308BF20EADC70704792F0A6
:10384000000F00F0004C02BF400010F4000F013ADE
:10385000F9D040EA0C0093F0000F01F0004C02BFD9
:10386000490011F4000F013BF9D041EA0C018FE748
:103870000CEAD15392EA0C0F18BF93EA0C0F0AD04E
:1038800030F0004C18BF31F0004CD8D180EA010074
:1038900000F00040704790F0000F17BF90F0004F0D
:1038A000084691F0000F91F0004F14D092EA0C0FEF
:1038B00001D142020FD193EA0C0F03D14B0218BF82
:1038C000084608D180EA010000F0004040F0FE40C8
:1038D00040F40000704740F0FE4040F44000704764
:1038E0004FF0FF0C1CEAD0521EBF1CEAD15392EAE3
:1038F0000C0F93EA0C0F69D0A2EB030280EA010CD3
:1039000049024FEA402037D04FF0805343EA11116B
:1039100043EA10130CF000408B4238BF5B0042F1C9
:103920007D024FF4000C8B4224BF5B1A40EA0C006E
:10393000B3EB510F24BFA3EB510340EA5C00B3EBA0
:10394000910F24BFA3EB910340EA9C00B3EBD10F8E
:1039500024BFA3EBD10340EADC001B0118BF5FEAE0
:103960001C1CE0D1FD2A3FF650AF8B4240EBC25009
:1039700008BF20F0010070470CF0004C4CEA5020CA
:103980007F32C2BFD2F1FF0340EAC250704740F419
:1039900000004FF00003013A37E792F0000F00F00B
:1039A000004C02BF400010F4000F013AF9D040EA89
:1039B0000C0093F0000F01F0004C02BF490011F41D
:1039C000000F013BF9D041EA0C0195E70CEAD15315
:1039D00092EA0C0F08D142027FF47DAF93EA0C0FFC
:1039E0007FF470AF084676E793EA0C0F04D14B02E0
:1039F0003FF44CAF08466EE730F0004C18BF31F092
:103A0000004CCAD130F000427FF45CAF31F000438B
:103A10007FF43CAF5FE700BF4FF0FF3C06E000BF24
:103A20004FF0010C02E000BF4FF0010C4DF804CD47
:103A30004FEA40024FEA41037FEA226C18BF7FEA57
:103A4000236C11D001B052EA530C18BF90EA010F59
:103A500058BFB2EB030088BFC81738BF6FEAE170E8
:103A600018BF40F0010070477FEA226C02D15FEA84
:103A7000402C05D17FEA236CE4D15FEA412CE1D0F0
:103A80005DF8040B704700BF844608466146FFE7B7
:103A90000FB5FFF7C9FF002848BF10F1000F0FBD99
:103AA0004DF808EDFFF7F4FF0CBF012000205DF892
:103AB00008FB00BF4DF808EDFFF7EAFF34BF012017
:103AC00000205DF808FB00BF4DF808EDFFF7E0FFB0
:103AD00094BF012000205DF808FB00BF4DF808ED01
:103AE000FFF7D2FF94BF012000205DF808FB00BF64
:103AF0004DF808EDFFF7C8FF34BF012000205DF846
:103B000008FB00BF42000ED2B2F1FE4F0BD34FF0C4
:103B10009E03B3EB126209D44FEA002343F0004343
:103B200023FA02F070474FF00000704712F1610F66
:103B300001D1420202D14FF0FF3070474FF0000038
:103B4000704700BF53B94AB9002908BF00281CBFFD
:103B50004FF0FF314FF0FF3000F098B9ADF1080C95
:103B60006DE904CE00F006F8DDF804E0DDE902239B
:103B700004B070472DE9F047074616460846BC4694
:103B80000D46089A002B4FD18E42B64669D9B6FA37
:103B900086F44CB1C4F12003A54027FA03F306FADA
:103BA00004FE1D4307FA04FC4FEA1E47B5FBF7F17C
:103BB00007FB11551FFA8EF04FEA1C4343EA0543F9
:103BC00001FB00F59D420AD91EEB030301F1FF360C
:103BD00080F0F6809D4240F2F380023973445B1B13
:103BE000B3FBF7F507FB153305FB00F01FFA8CFC60
:103BF0004CEA034C60450AD91EEB0C0C05F1FF336F
:103C000080F0E080604540F2DD80F444023DACEBA2
:103C1000000C45EA0140002122B12CFA04F30024F3
:103C2000C2E90034BDE8F0878B4206D90AB1C2E987
:103C3000007100210846BDE8F087B3FA83F100293E
:103C40004CD1834202D3BE4200F20F81B7EB060C87
:103C500060EB030301201D46002AE3D0C2E900C542
:103C6000E0E7002E00F095801C46B6FA86F3002BA4
:103C700040F0AA808D1B0121370CB6B2B5FBF7F0DE
:103C800007FB10554FEA1C4343EA054306FB00F5CA
:103C90009D4208D91EEB030300F1FF3802D29D427A
:103CA00000F2E88040465B1BB3FBF7F507FB1533DA
:103CB0001FFA8CFC4CEA034C06FB05F3634508D95C
:103CC0001EEB0C0C05F1FF3602D2634500F2CF80EB
:103CD0003546ACEB030C45EA00409DE7C1F12005F9
:103CE0008B4026FA05FC4CEA030C20FA05F44FEA57
:103CF0001C4E06FA01F9B4FBFEF6884027FA05F3DC
:103D000003430EFB16401FFA8CF807FA01FA1F0C4A
:103D100047EA004406FB08F0A0420AD91CEB040461
:103D200006F1FF3780F09F80A04240F29C80023E67
:103D30006444241AB4FBFEF00EFB104400FB08FEA2
:103D40009BB243EA04439E450AD91CEB030300F1EE
:103D5000FF3480F086809E4540F2838002386344C1
:103D600040EA0640A0FB0974A3EB0E03A342BE4643
:103D7000264665D362D052B1BAEB0E0463EB06035C
:103D800003FA05F5CC402543CB40C2E9005300219E
:103D900048E77B0843EAC1734C08190C41EA044127
:103DA0009BB2B4FBF6F04FEAC77C43EA01433546C9
:103DB000B1FBF6F137461F245D1B41EA00415DE788
:103DC00031460CE71D4622E71C4606FA03FEC3F106
:103DD000200321FA03F5A04027FA03F307FA04FCB5
:103DE0004FEA1E470343B5FBF7F007FB10551FFAD8
:103DF0008EF6190C41EA054100FB06F58D423ED9CD
:103E00001EEB010101D28D4221D8491BB1FBF7F510
:103E1000A84605FB06F5013807FB18119BB243EADB
:103E20000143AB4229D21EEB030308F1FF31C3D299
:103E3000AB42C1D2A8F102017344BDE7BA459AD2A0
:103E4000B7EB090E64EB0C040138264693E7AEEBA2
:103E500005052944B1FBF7F50238A84605FB06F530
:103E6000DAE720467CE73E4663E70846F4E6F4449A
:103E7000023D2EE70238734415E741469CE7491B93
:103E8000B1FBF7F5A84605FB06F5C5E7704700BF8F
:103E9000002301461A46184600F046BE08B5064BF8
:103EA000044613B1002100F09BFE044B1B6803B1D4
:103EB0009847204602F0F6FDE14B00003C0F04203D
:103EC000002B2DE9F0471D46BBBF03F100431D4603
:103ED00000232D2388B0149F144627F02007B8BF75
:103EE0001446129A462F109EDDF84CA0137004D091
:103EF000452F00D10136022300E0032307AA0492D4
:103F000006AACDE902A2CDE9003622462B4600F0F2
:103F10004FFF472F80461AD1119BDB070ED500EBD0
:103F200006090022002320462946FFF795FA08B12A
:103F3000CDF81C903022079B4B451ED34046079B73
:103F4000159AA3EB0803136008B0BDE8F087462F6D
:103F500000EB0609E5D10378302B0AD100220023BB
:103F600020462946FFF778FA18B9C6F10106CAF8C3
:103F70000060DAF800309944D3E7591C07911A70B1
:103F8000D9E7F7B50029B6BF2D232B2349420929CC
:103F9000027043702BDD0DF10704A6460A26871C2C
:103FA000B1FBF6F5A44606FB1512632902F13002B7
:103FB000294604F1FF340CF8012CF1DC3031ACF16E
:103FC000020204F8011C1446411C72450AD30DF18B
:103FD0000903A3EB0C03A64538BF00233B44181A82
:103FE00003B0F0BD12F8013B01F8013FEDE73023CB
:103FF00030318370C170031DF1E700002DE9F04FEF
:1040000093B00C46DDF8708016461F46054600F05A
:10401000E1FC036818460B9300F07DFD002310932C
:10402000D8F8003094F818A0073323F00703F3E81A
:104030000212D4F800B0CDE90812C8F800301346D7
:104040000A46C4E91223DDE9088323F000490C90F5
:104050004FF0FF32404649469A4B02F0C7FC70BB16
:104060004FF0FF3240464946964BFFF709FA30BB06
:10407000DDE9080100220023FFF7F8F910B12D2334
:1040800084F84330904A914BBAF1470F8CBF904669
:10409000984603234FF0000923612BF004032360AB
:1040A000334621462846009711AA00F0D1F9013085
:1040B00040F08F804FF0FF3013B0BDE8F08FDDE9A6
:1040C00008231046194602F091FC40B1099B804A32
:1040D000002BBCBF2D2384F843307E4BD4E76368AC
:1040E0000AF0DF095A1C3ED10623636000224BF41C
:1040F00080632360069210AACDE904A20FAA03925E
:104100000DF13B02CDE90132636828460093DDE9F9
:104110000823FFF7D5FEB9F1470F80460F9929D143
:10412000C81C02DB63688B4241DAAAF1020A5FFA1B
:104130008AFA5246013904F150000F91FFF721FF2E
:10414000109A81461318012A236102DC2268D207E3
:1041500001D5013323619DF83B30002BA0D02D23E6
:1041600084F843309CE7B9F1470FBFD1002BBDD194
:104170000123BAE7BAF1650FDBD9BAF1660F18D19E
:10418000002963680BDD216113B92268D00702D5CD
:1041900001330B4423614FF00009A165DBE713B93C
:1041A0002268D20701D50233F4E70123F2E74FF08A
:1041B000670A109B8B4205DC23682161D807EAD58A
:1041C0004B1CE7E70029CCBF0122C1F102021344D6
:1041D000E0E723685A0507D423694246314628465A
:1041E000B847013028D165E7BAF1650F40F2DC80AD
:1041F000D4E9120100220023FFF72EF990B3012326
:1042000031462846344AB84701303FF453AFDDE920
:104210000F38434502DB2368D8070DD5DDE90B23B2
:1042200031462846B84701303FF444AF4FF000090B
:1042300008F1FF38C84509DC23689B0700F10581B8
:10424000E068119B9842B8BF184635E70123314614
:10425000284604F11A02B84701303FF42BAF09F1A8
:104260000109E7E70F9B834238DC012331462846EA
:10427000194AB84701303FF41DAFDDE90F3959EA5B
:10428000030302D12368D907D6D5DDE90B233146D4
:104290002846B84701303FF40DAF4FF0000A0F9B9E
:1042A0005B42534501DC4B4697E7012331462846E4
:1042B00004F11A02B84701303FF4FCAE0AF1010ADA
:1042C000EDE700BFFFFFEF7FE0870000DC87000025
:1042D000E8870000E4870000EC870000A36DDDF8AC
:1042E00040B05B45A8BF5B46002B089337DC4FF01E
:1042F000000904F11A02089BD4F858A0002BB4BF9F
:104300005346AAEB03034B4531DC0F9B9B453ADC3C
:104310002368DA0737D40F9BABEB0309ABEB0A0337
:104320009945A8BF9946B9F1000F34DC4FF0000859
:104330000F9BB9F1000FABEB0303A8BFA3EB09037D
:1043400043457FF779AF01233146284604F11A022D
:10435000B84701303FF4AEAE08F10108E8E7424645
:1043600031462846089BB8470130C0D1A2E6012358
:10437000314628460D92B84701303FF49BAE0D9A66
:1043800009F10109B7E73146DDE90B232846B847B3
:104390000130C0D18EE64B463146284608EB0A0272
:1043A000B8470130C2D185E6DDF840A0BAF1010F6F
:1043B00001DCDB0735D50123424631462846B847A4
:1043C00001303FF477AEDDE90B2331462846B8478C
:1043D00001303FF46FAED4E91201002200230AF14C
:1043E000FF3AFFF739F8C8B9534608F101023146E0
:1043F0002846B84701300DD15CE6012331462846F6
:1044000004F11A02B84701303FF454AE08F1010834
:10441000D045F2DB4B4604F15002DFE64FF00008D6
:10442000F6E701234246E2E701233146284604F13C
:104430001902B84701303FF43DAE08F10108E368C6
:1044400011995B1A4345EFDCFAE64FF00008F6E7F6
:104450002DE9F047914698468A680B6907469342D2
:10446000B8BF1346C9F8003091F843200C46089EA7
:1044700012B10133C9F800302368990642BFD9F858
:1044800000300233C9F80030256815F0060507D161
:1044900004F1190AE368D9F800209B1AAB4229DC21
:1044A00094F843302268003B18BF012392062ED4B3
:1044B0004146384604F14302B047013021D0236819
:1044C000A16803F00603042B12BF0025E568D9F8A4
:1044D0000030226904BFED1A25EAE5758B1A2B44DA
:1044E0009142C8BF1D464FF000091A344D451AD1FC
:1044F000002008E00123524641463846B0470130CB
:1045000003D14FF0FF30BDE8F0870135C2E730201E
:10451000E11881F843005A1C94F8451022440233F4
:1045200082F84310C4E70123224641463846B0478B
:104530000130E6D009F10109D8E700002DE9F04388
:1045400098460B7E85B0782B174606460C460C9A8B
:1045500009D8622B01F1430108D8002B00F0DC8060
:10456000582B00F0BD8004F1420539E0A3F163004F
:104570001528F8D801A555F820F000BFD545000052
:10458000E9450000674500006745000067450000F9
:1045900067450000E94500006745000067450000E9
:1045A0006745000067450000F94600001546000019
:1045B000A74600006745000067450000214700004E
:1045C000674500001546000067450000674500008C
:1045D000AF460000136804F14205191D1B68116005
:1045E00084F842300123A8E013682568181D106084
:1045F000280601D51B6803E06A06FBD5B3F9003035
:10460000002B03DA2D225B4284F843200A22DFF8D4
:1046100078C113E02568106815F0800F50F8043B4E
:1046200002D16D0648BF9BB21060227EDFF858C1F0
:104630006F2A5DD10822002084F843006568002DB0
:10464000A56005DB20681D4320F00400206051D0E8
:104650000D46B3FBF2F002FB103E1CF80EE09A424E
:1046600005F801ED0346F4D9082A0BD12368DA07CF
:1046700008D5236962689A42DEBF302305F8013C01
:1046800005F1FF35491B21613B4621463046CDF8F7
:10469000008003AAFFF7DCFE013053D14FF0FF305A
:1046A00005B0BDE8F083236843F02003236078233E
:1046B000DFF8D8C084F845302068156810F0800F06
:1046C00055F8043B03D110F0400F18BF9BB21560A2
:1046D000C50744BF40F02000206023B11022AAE7A4
:1046E000DFF8A4C0E6E7226822F020022260F5E7A6
:1046F0000A22A0E70D46B7E71368D4F800C01D1DD5
:1047000060691CF0800F15601B6801D0186003E021
:104710001CF0400FFAD0188000230D462361B3E748
:104720001368191D11601D6800212846626800F099
:10473000D6F908B1401B606063682361002384F8E8
:104740004330A1E72A46394630462369C047013045
:10475000A4D023689B0714D4E068039B9842B8BF99
:1047600018469DE701233946304604F11902C04737
:10477000013093D00135E36803995B1AAB42F1DC59
:10478000EAE70025F7E700BFEE870000FF8700009B
:10479000002310B50446C0E90033C0E90433836048
:1047A00081814366C2818361194608225C3000F032
:1047B00009F90D4B246263620C4BA3620C4BE3625C
:1047C0000C4B23630C4B9C4206D003F168029442CD
:1047D00002D0D0339C4205D104F15800BDE810400E
:1047E00000F07AB910BD00BF3D4900005F490000EC
:1047F00097490000BD490000040E0420024A034905
:10480000034800F06BB800BFF0030420F965000016
:104810000004042041680C4B10B59942044601D0B5
:1048200001F0EAFEA168094B994202D0204601F04E
:10483000E3FEE168064B994204D02046BDE81040F3
:1048400001F0DABE10BD00BF040E04206C0E04207F
:10485000D40E042010B50A4B0A4A04211A600A48F3
:104860000022FFF795FF012209210848FFF790FF7A
:10487000BDE81040022212210548FFF789BF00BFA2
:104880003C0F0420FD470000040E04206C0E0420A1
:10489000D40E0420014800F020B900BF460F0420C8
:1048A000014800F01BB900BF460F042010B50446B4
:1048B000FFF7F0FF236A1BB1BDE81040FFF7F0BF20
:1048C000044B2362044B1B68002BF5D1FFF7C2FF9A
:1048D000F2E700BF154800003C0F04202DE9F84323
:1048E0008046894614460026D4E90175013F05D566
:1048F0002468002CF8D13046BDE8F883AB89012B41
:1049000007D9B5F90E30013303D029464046C847D0
:1049100006436835EAE700000FB407B5064904AB63
:10492000086853F8042B8168019301F0DBFC03B0A5
:104930005DF804EB04B07047FC03042010B50C468E
:10494000B1F90E1000F06CF80028ABBF636DA389BD
:104950001B1823F48053ACBF6365A38110BD2DE900
:10496000F0411F468B890546DB050C46164605D5EA
:1049700002230022B1F90E1000F040F8A38932465C
:1049800023F48053A38128463B46B4F90E10BDE8BA
:10499000F04100F057B810B50C46B1F90E1000F018
:1049A0002DF8B4F90C30421C0BBF23F4805343F4B0
:1049B0008053A381A38118BF606510BDB1F90E10AB
:1049C00000F00CB803460244934200D1704703F84C
:1049D000011BF9E7004870474005042038B5002363
:1049E000054C054608462360FCF7ECFA431C02D14F
:1049F000236803B12B6038BD400F042038B505464D
:104A0000084611460022054C22601A46FCF7E2FADD
:104A1000431C02D1236803B12B6038BD400F042032
:104A200038B50546084611460022054C22601A4654
:104A3000FCF7D2FA431C02D1236803B12B6038BDC6
:104A4000400F042038B50546084611460022054CA3
:104A500022601A46FCF798FA431C02D1236803B17E
:104A60002B6038BD400F042070B500260C4C0D4B58
:104A70001D1BB6EBA50F09D1002603F073FD0A4CF0
:104A80000A4B1D1BB6EBA50F05D170BD54F8043BB6
:104A900098470136EDE754F8043B98470136F1E7B3
:104AA000BC050420BC050420BC050420C00504206E
:104AB00038B5074D074C641BA4101CB9BDE838403D
:104AC00003F056BD013C55F824309847F5E700BF88
:104AD000C0050420C4050420704770477047034692
:104AE00010B5C9B20244934201D1002004E0184637
:104AF000047801338C42F6D110BD0A44914200F192
:104B0000FF3300D1704710B511F8014B914203F803
:104B1000014FF9D110BD034613F8012B002AFBD138
:104B2000181A0138704700002DE9F843274D064652
:104B3000286891460F469846FFF7CFFF244A14682D
:104B40003CB9244B1360244A12B11268C3F8882080
:104B5000204C63681F2B06DD2868FFF7BFFF4FF06E
:104B6000FF30BDE8F8833EB3D4F8880068B91B4B2A
:104B7000002BF1D04FF4847000F042FF0028EBD0FE
:104B80000023C0E94033C4F8880001216368022E85
:104B900040F82390D0F8002101FA03F142EA010223
:104BA00000EB830CC0F80021CCF8808002BFD0F865
:104BB00004210A43C0F804215A1C023328686260A9
:104BC00044F82370FFF78AFF0020CAE74C04042052
:104BD000D40F0420480F042000000000015A0000F8
:104BE0002DE9F74F2B4F019038688946FFF775FF85
:104BF000DFF8A480D8F800602EB9386803B0BDE8AB
:104C0000F04FFFF76BBF3546D6F888B055F8042F44
:104C10000BF1800A541E05EB8205002CEDDBB9F187
:104C2000000F09D0BBF1000F02D1013C043DF4E7B5
:104C30005AF824204A45F8D171682A680139A142FE
:104C400016BF002374602B60002AEED073680093B7
:104C5000BBF1000F07D00123DBF8001103FA04FCBD
:104C60001CEA010F09D190477268009B9A42C1D19A
:104C7000D8F800209642D8D0BCE7DBF804015BF8F6
:104C800024101CEA000F02D101989047ECE7084677
:104C90009047E9E74C040420D40F04202DE9F74F96
:104CA00003690C698046A3427EDB013CA30000F14E
:104CB000140501F11407009305EB8403019357F8E1
:104CC000243055F8242001339A42B2FBF3F607EB67
:104CD00084092ED34FF0000ABC46AE46D3465CF89A
:104CE000043B98B206FB00A01B0C020C06FB03233E
:104CF000DEF8002080B292B2121A5A44DEF80000A8
:104D00004FEA134A9BB2C3EB224303EB104392B228
:104D100042EA0342E1454FEA234B4EF8042BDED230
:104D2000009BEB582BB9019B1A1F954230D3C8F852
:104D30001040404601F0A2F9002825DB294600205A
:104D4000013657F8042BD1F800C01FFA82FE1FFA73
:104D50008CF3A3EB0E030344120CC2EB234202EBD1
:104D60001C429BB243EA0243B9454FEA224041F854
:104D7000043BE6D255F8242005EB840322B9043B1A
:104D80009D420BD3C8F81040304603B0BDE8F08F09
:104D90001368002BCBD1043A013CC6E71A68002AFD
:104DA000F0D1043B013CEBE70020EEE700000000FF
:104DB0002DE9F04F16461F46C26999B08146CDE9EC
:104DC0000E67259C82B9102000F01AFE0246C9F831
:104DD0001C0020B9EF21A84BA84801F0D7FC002304
:104DE000C0E901330360C360116859B101235268FF
:104DF000484693404A608B6000F0F2FE0022D9F8EA
:104E00001C301A60B7F10008B5BF012300232360EE
:104E100023609B4BBCBF28F00048CDF83C8033EAB0
:104E200008031AD142F20F73249AC8F3130858EA00
:104E30000608136000F06D85269B53B9914B21E065
:104E4000914B03930833269A1360039819B0BDE879
:104E5000F08F8C4B03930333F5E7DDE90E34CDE996
:104E60000A34DDE90A0100220023FEF7F5FA824642
:104E700050B10123249A1360269B13B1834B269AC9
:104E80001360834B0393E0E716AB019317AB0093DA
:104E90004846DDE90A2301F0A5F95FEA1854169D9A
:104EA00004907BD0DDE90A010B9BA4F2FF34C3F32D
:104EB000130343F07F5343F44013CDF850A0194639
:104EC0000022744BFDF7A8FE65A3D3E90023FEF78B
:104ED0005BF865A3D3E90023FDF7A0FE0646204654
:104EE0000F46FDF7E7FF62A3D3E90023FEF74CF876
:104EF00002460B4630463946FDF790FE06460F4601
:104F000001F08AFD00228046002330463946FEF734
:104F1000ADFA48B14046FDF7CDFF32463B46FEF7BD
:104F20009BFA08B908F1FF38B8F1160F53D8DDE93C
:104F30000A01594B03EBC803D3E90023FEF796FAA5
:104F400000284AD0002308F1FF3811932D1B6B1E57
:104F5000099349BF00230027C5F101070993B8F160
:104F6000000F3CDB099BCDF84080434409930023AC
:104F70000C93229B092B64D8052BC4BF043B2293BE
:104F8000229BC8BF0024A3F10203D8BF0124032B36
:104F900000F28680DFE803F05153362B179C2C4437
:104FA00004F23243202BC1BFC3F1400308FA03F8D7
:104FB00004F2124326FA03F3D6BFC3F1200348EAF2
:104FC000030006FA03F0FDF765FF0122A1F1F87373
:104FD000013C149273E70123B7E71190B6E7C8F1DB
:104FE00000030C930023A7EB08071093C1E70123EC
:104FF0000D93239B434408930133012B0593B8BFC2
:10500000012306E001230D93239B002B4BDD089326
:10501000059300210422D9F81C0002F114059D42D9
:1050200046D94160484600F09DFD0390002842D1DA
:10503000024640F2AF11194BCEE60023E3E700230E
:10504000D6E7012400230D9422934FF0FF33002272
:105050000893059323921223DBE700BFAFF3008090
:1050600061436F63A787D23FB3C8608B288AC63F6E
:10507000FB799F501344D33F1D8800003488000003
:105080000000F07F1988000010880000ED87000004
:10509000EC8700000000F83F3089000060880000C5
:1050A00001230D93D1E70123089305932393B0E7E0
:1050B00001315200B1E7D9F81C30039A1A60059B00
:1050C0000E2B75D8002C73D0B8F1000F40F3C480BC
:1050D0009F4B08F00F0203EBC20318F4807F4FEAE6
:1050E0002815D3E900AB00F0A380DDE90A01994B54
:1050F0000324D3E90823FEF771F8CDE9060105F092
:105100000F05944E002D40F09980DDE906015246CE
:105110005B46FEF763F882468B46119B002B00F03E
:10512000C3800022504659468B4BFEF79FF900285A
:1051300000F0BA80059B002B00F0B680089B002B86
:1051400036DD08F1FF335046594606930022834B63
:10515000FDF71AFF82468B46089E01342046FDF774
:10516000A9FE52465B46FDF70FFF00227C4BFDF780
:1051700055FD0446A1F15075CDE91245002E40F0D1
:105180009780002250465946764BFDF745FD224652
:105190002B4682468B46FEF787F9002840F0C182F5
:1051A00022465046594605F10043FEF75FF920BB01
:1051B000179B002BC0F29181B8F10E0F00F38D8187
:1051C000634B03EBC803D3E900AB239B002B80F2B6
:1051D0001B81059B002B00F317810ED10022614B30
:1051E00050465946FDF7D0FE02460B46DDE90A015E
:1051F000FEF746F9002800F0978200252C46239BF5
:10520000039EDB430693274600242946484600F0C8
:10521000E7FC002F00F0EE802CB1BC4203D0214609
:10522000484600F0DDFC3946484600F0D9FCE1E094
:10523000DDE90A34CDE90634022462E7E90708D53E
:10524000D6E9002350465946FDF79EFE82468B461E
:1052500001346D10083655E722D0DDE90A01C8F1A6
:1052600000053B4B05F00F0203EBC203D3E900231B
:10527000FDF78AFE022482468B46364E2D11002D04
:105280003FF44BAFEA0708D5D6E90023504659460C
:10529000FDF77AFE82468B4601346D100836EEE744
:1052A0000224DDE90AAB38E7059ECDF8188055E702
:1052B000274B03EBC60353E902010D9B002B55D08E
:1052C00002460B4600202849FDF788FFDDE912233E
:1052D000FDF7A2FC039BCDE912019D191E4659461C
:1052E000504601F099FB00F13004FDF7E3FD024662
:1052F0000B4650465946FDF78FFCDDE9122306F8B0
:10530000014B82468B46FEF7B1F8002872D1524617
:105310005B4600201049FDF77FFCDDE91223FEF714
:10532000A5F8002840F0BA80AE423FF441AFDDE975
:1053300012010022094BFDF727FE0022CDE91201E0
:10534000064B50465946FDF71FFE82468B46C6E780
:1053500030890000088900000000F03F0000244070
:1053600000001C40000014400000E03FDDE9122373
:10537000FDF70AFE039BCDE912013344039C15930C
:105380005946504601F048FB00F13005FDF792FD0B
:105390000B46024659465046FDF73EFC159B04F865
:1053A000015B9C4282468B4627D1DDE91201039BBB
:1053B00000221E44B34BFDF731FC02460B4650461B
:1053C0005946FEF771F8002868D1DDE91223002064
:1053D000AC49FDF721FC02460B4650465946FEF704
:1053E00045F800283FF4E4AE334616F8012D302A84
:1053F000FAD01E46DDF818803EE00022A24BFDF7F1
:10540000C3FD82468B46BBE70024039E9E4D524659
:10541000DDE90A015B46FDF7E1FE01F0FDFA074612
:10542000FDF748FD52465B46FDF7AEFD02460B46D2
:10543000DDE90A01FDF7F0FB07F1300C06F801CBBE
:10544000DDF80CC0DDF814E0A6EB0C0CE6450246D6
:105450000B4633D1FDF7E2FB52465B4604460D4650
:10546000FEF722F8C0B952465B4620462946FDF7B2
:10547000F3FF08B1FB070FD44846049900F0B0FBD6
:105480000023249A337008F101031360269B002B3C
:105490003FF4DBAC1E60D8E4CDF8188033461E46DE
:1054A00013F8012D392A06D1039A9A42F7D1069AA8
:1054B00001320692302201321A709BE722462B46B7
:1054C000FDF762FD02460B46CDE90A2300220023C8
:1054D000FDF7C2FF00289AD0CEE70D9A002A00F00F
:1054E000DF80229A012A00F3BF80149A002A00F07C
:1054F000B78003F233430C9D3E46099A01211A44BA
:1055000048461F44099200F01FFC044656B1099B0F
:10551000002B07DDB342A8BF3346099AFF1AF61ADB
:10552000D31A09930C9B0BB30D9B002B00F0BF808B
:10553000002D00F0B98021462A46484600F0D0FCF4
:10554000049A01460446484600F014FC0499824639
:10555000484600F045FB0C9B5B1B0C9300F0AA80B7
:1055600051460C9A484600F0BBFC04900121484685
:1055700000F0EAFB109B0546002B00F0D1811A4693
:105580000146484600F0ACFC229B0546012B00F387
:1055900099800E9B002B40F090800F9BC3F3130368
:1055A000002B40F08A800F9B23F000431B0D1B054E
:1055B000002B00F085804FF0010A099B0137013371
:1055C0000993109B002B00F0B1812B6905EB83033D
:1055D000186900F06DFBC0F12000099B184410F021
:1055E0001F0076D01B2870DCC0F11C000744064465
:1055F00003440993002F05DD3A464846049900F01C
:10560000CBFC0490099B002B05DD29461A46484631
:1056100000F0C2FC0546119B002B5FD02946049880
:1056200000F02CFD002859DA08F1FF3306930A2216
:1056300000234846049900F0F5FA0D9B0490002BD6
:1056400000F07681002321460A22484600F0EAFA5B
:10565000089B0446002B71DC229B022B47DC6DE08B
:10566000169BC3F1360346E7059B5D1E0C9BAB42C0
:105670000CDB5D1B059B002BBFF63EAF059BFE1AA6
:1056800000233AE70000E03F000024400C9B109A02
:10569000EB1A1A440C953E460025059B10922CE708
:1056A0003E460C9D0D9C31E7DDF810A058E70C9AA2
:1056B000049957E7CDF810A058E74FF0000A80E7AB
:1056C0009A467EE74FF0000A7FE71C2892D0C0F18F
:1056D00020001C30099B0744064489E7059BCDF850
:1056E0001880002B24DC0893229B022B22DD089BD0
:1056F000002B7FF484AD29460522089B484600F024
:1057000091FA01460546049800F0B8FC00287FF79E
:1057100076AD3123039E06F8013B069B01330693C9
:1057200071E535462C46F4E7059DCDF81880F9E77C
:10573000059B08930D9B002B00F0FE80002E05DDDD
:1057400021463246484600F027FC0446BAF1000FD5
:1057500058D04846616800F005FA064628B9024666
:1057600040F2EF217F4BFFF737BB226904F10C01B8
:10577000023292000C30FFF7C0F901223146484650
:1057800000F00AFC0746039B039A03F10108089BFB
:1057900013440A930E9B03F00103099329460498CE
:1057A000FFF77CFA2146059000F1300B049800F0D9
:1057B00065FC3A4608902946484600F07BFCC268E2
:1057C000064608F1FF3AFAB90146049800F056FC83
:1057D0000246314648460C9200F002FA229B0C9A8F
:1057E000464642EA0301099B19430FD1BBF1390F29
:1057F00028D0089B002B02DD059B03F1310B8AF8B2
:1058000000B002E52746BEE70122E2E7089B002B35
:1058100004DB22990B4309990B4320D1002AEEDDCA
:1058200001220499484600F0B7FB2946049000F095
:1058300025FC002803DCE2D11BF0010FDFD0BBF117
:10584000390FD9D139238AF8003033461E4616F86D
:10585000012C013B392A53D001321A70D5E4002AB9
:1058600007DDBBF1390FEDD00BF101038AF80030F1
:10587000CBE40A9B08F801BC43452BD000230A2245
:105880000499484600F0CEF9BC4204904FF0000362
:105890004FF00A022146484606D100F0C3F90446FB
:1058A000074608F1010879E700F0BCF939460446DB
:1058B00000230A22484600F0B5F90746F1E7089BA5
:1058C0002746002B03F1FF36D8BF00260024039B98
:1058D0005A1C164401220499484600F05DFB2946F3
:1058E000049000F0CBFB0028AFDC02D11BF0010FCD
:1058F000ABD133461E4613F8012D302AFAD084E48A
:10590000039A9A42A2D1069B013306933123137066
:105910007BE4269B002B7FF493AA134BFFF7B2BACC
:10592000229B012B7FF735AEDDF840A0012054E625
:10593000089B002B7FF7D8AE039E29460498FFF7FB
:10594000ADF9039B00F1300B06F801BBF21A089B7E
:105950009342B4DD00230A224846049900F062F91C
:105960000490EAE7608800001088000037B500293D
:1059700042D051F8043C0C1F002BB8BFE418019032
:1059800000F0E4F81D4A0198136833B963601460AD
:1059900003B0BDE8304000F0DFB8A34208D9256865
:1059A00061198B4201BF19685B6849192160EDE7F5
:1059B0001A465B680BB1A342FAD911685518A54283
:1059C0000BD1246821445418A3421160E0D11C6813
:1059D0005B680C4414605360DAE702D90C2303605F
:1059E000D6E7256861198B4201BF19685B684919C0
:1059F000216063605460CBE703B030BDDC0F04204E
:105A0000024B0146186800F025B800BFFC030420D3
:105A100070B50F4C0E462168054611B900F0A6FE80
:105A200020603146284600F0A1FE431C03D14FF010
:105A3000FF34204670BDC41C24F00304A042F8D0FB
:105A4000211A284600F092FE0130F2D1EFE700BFA4
:105A5000D80F04202DE9F843CD1C25F003050835A7
:105A60000C2D38BF0C25002D064601DBA94204D9B8
:105A70000C2333600020BDE8F883334F00F066F854
:105A80003B681C463CBB29463046FFF7C1FF431C20
:105A9000044656D13C68A046B8F1000F40D1002C16
:105AA00049D023684146304604EB030900F05EFE0E
:105AB000814540D1216830466D1A2946FFF7A8FF7D
:105AC000013038D023682B4423603B685A685ABBA6
:105AD000C7F800800EE02268521B1ED40B2A16D98C
:105AE0006119A342256018BF5960636808BF396017
:105AF00062514B60304600F02FF804F10B00231D7B
:105B000020F00700C21A1CBF1B1AA350B3E762683B
:105B1000A3420CBF3A605A60ECE723466468B1E7E1
:105B20004446D8F80480B7E71A465B68A342FBD125
:105B300000235360DEE70C233046336000F00CF89E
:105B400098E70560D6E700BFDC0F04200148FEF7A8
:105B5000C4BF00BF440F04200148FEF7BFBF00BF11
:105B6000440F042070B5C46905460E4684B9102060
:105B7000FFF746FF0446E86128B902466B21164B41
:105B8000164800F003FE0023C0E901330360C36040
:105B9000E36853B921220421284600F015FEEB6981
:105BA000E060DB680BB9002070BD53F8260030B10F
:105BB000026843F826200023C0E90333F4E70121FB
:105BC00001FA06F4621D2846920000F0FDFD00284F
:105BD000E9D0C0E90164EEE71D880000718800008B
:105BE00070B5C46906460D4674B91020FFF708FF6A
:105BF0000246F06120B98F21084B094800F0C6FD2C
:105C0000C0E901440460C4603DB1F3696A68DB68BF
:105C100053F82210296043F8225070BD1D880000FF
:105C2000718800002DE9F04107460C461E46002011
:105C30000D6901F1140CDCF80030013099B202FB5F
:105C400001611E0C0B0C02FB063389B201EB034110
:105C500085424FEA13464CF8041BECDC0EB3A368F4
:105C6000AB4219DC616838460131FFF77BFF8046A3
:105C700028B90246BA210C4B0C4800F087FD226976
:105C800004F10C01023292000C30FEF736FF21467F
:105C90003846FFF7A5FF444604EB850301355E61F6
:105CA00025612046BDE8F081608800007188000011
:105CB0000346B0F5803F3ABF030410200020B3F143
:105CC000807F3CBF1B020830B3F1805F3CBF1B01EB
:105CD0000430B3F1804F3CBF9B000230002B04DB4B
:105CE0005B0001D5013070472020704703680146F2
:105CF00013F007020BD0DA0722D4980749BF5B08DC
:105D00009B0801200B605CBF02200B60704798B2BB
:105D1000A0B910201B0CDAB20AB908301B0A1A0706
:105D200004BF1B0904309A0704BF9B080230DA073E
:105D300002D45B0806D001300B6070471046EAE7DA
:105D4000002070472020704710B50C460121FFF756
:105D500009FF024628B940F24511044B044800F0FF
:105D600015FD01234461036110BD00BF6088000080
:105D7000718800002DE9F04FD1F81080D2F8109012
:105D80000E46C845144685B004DB4B460C46C1465A
:105D900016469846A368616809EB0807BB42B8BF7E
:105DA0000131FFF7DFFE30B902464FF4B1714A4BC3
:105DB0004A4800F0EBFC00F114052B46002205EBED
:105DC000870B5B4522D306F1140101EB880304F134
:105DD000140C0CEB890C029304F1150363458CBF82
:105DE000002301230093ACEB0403153B9B080193B4
:105DF000029B03918B420CD8002F03DD5BF8043D1E
:105E0000002B67D0076105B0BDE8F08F43F8042B85
:105E1000D7E7B1F800A0BAF1000F28D0A9464FF09B
:105E2000000E04F1140858F8042BD9F8003096B28B
:105E30009BB20AFB0633D9F80060120C360C0AFB41
:105E40000266734406EB13469BB243EA0643C4451D
:105E50004FEA164E49F8043BE5D8009A019B002A08
:105E60004FEA830308BF00232B44C3F804E0039BDD
:105E70000431B3F802E0BEF1000F29D02B68A94627
:105E800098464FF0000A04F1140632889BB20EFBCC
:105E900002A202EB184243EA024349F8043B56F8D7
:105EA000043BD9F800804FEA134A1FFA88F30EFB2F
:105EB0000A33B44503EB12434FEA134AE5D8009E78
:105EC000019A002E4FEA820208BF00222A44536042
:105ED00004358DE7013F8FE760880000718800007E
:105EE0002DE9F843174612F0030280460D4607D00D
:105EF000264C013A002354F82220FFF793FE054672
:105F0000BF103FD0D8F81C4094B91020FFF778FD9F
:105F10000446C8F81C0030B9024640F2B3111C4BCD
:105F20001C4800F033FC0023C0E901330360C36068
:105F3000A66846B940F271214046FFF705FF0023ED
:105F40000646A06003602C464FF0000907F00103ED
:105F50007F1053B1294632464046FFF70BFF2146DA
:105F600005464046FFF73CFE67B1306838B9324617
:105F700031464046FFF7FEFE3060C0F8009006460E
:105F80002C46E3E72846BDE8F88300BFF888000008
:105F90001D880000718800002DE9F84F0C46074667
:105FA00091462669496806EB6216A3684FEA621AB1
:105FB00006F1010843450BDB3846FFF7D3FD0546E4
:105FC00048B902464FF4EF712A4B2B4800F0DEFB34
:105FD00001315B00EEE7002300F114010A46184688
:105FE000534539DB20692AEAEA7A01EB8A0104F198
:105FF000140319F01F098C4603EB800030D04FF0DA
:10600000000EC9F1200AE3461A680CF1040C02FAEA
:1060100009F242EA0E02CBF8002053F8042B984212
:1060200022FA0AFEEFD8031B153B23F0030304F109
:106030001502904238BF00231944C1F804E0BEF1B4
:10604000000F00D1B04638462146C5F81080FFF752
:10605000C7FD2846BDE8F88F42F8040B0133BFE7BF
:1060600053F8041B0CF1040C98424CF8041CF7D8AC
:10607000E8E700BF608800007188000003690A69D2
:1060800030B59B1A0ED11430143100EB820401EBB1
:10609000820154F8045D51F8042D954204D006D2D3
:1060A0004FF0FF33184630BDA042F2D3FAE7012388
:1060B000F8E700002DE9F74F8A460646114650469C
:1060C0001446FFF7DBFF051E12D129463046FFF7C5
:1060D00049FD024628B940F23721404B404800F0C4
:1060E00055FB0123C0E90435104603B0BDE8F08F2D
:1060F000BCBF5346A2463046DAF80410BABF1C466D
:1061000001250025FFF72EFD024618B940F2452172
:10611000324BE3E7C56000F11405AB464FF0000CCD
:10612000DAF8107026690AF1140904F1140E0AF164
:10613000100309EB87080EEB86060193019B5EF8BE
:10614000040B53F804AF81B201931FFA8AF35B1A70
:10615000000C6344C0EB1A4000EB23409BB243EABF
:10616000004376454FEA204C4BF8043BE6D8331BFE
:10617000153B153423F00303A64238BF0023E8186B
:106180004B441C1D26460430A5EB090546450ED39D
:1061900008F10301091B21F003010133984538BFC1
:1061A0000021014451F8043DB3B117619CE7E24678
:1061B00006EB050E56F8041B1FFA81FCD4444FEA87
:1061C0001149514409EB2C4989B241EA09414FEA8E
:1061D000294CCEF80010D9E7013FE3E760880000C2
:1061E000718800002DE97343012190469946089E6D
:1061F000FFF7B8FC054630B9024640F20F31234B99
:10620000234800F0C3FAC9F30A54C9F313030CB1CD
:1062100043F480130193B8F1000324D0684600933F
:10622000FFF764FD0099E0B1019AC0F1200302FA82
:1062300003F30B43C2406B610192019B002B0CBF27
:1062400001220222AB612A61ACB1A4F233440444BE
:106250003460C0F13500099B1860284602B0BDE8E3
:1062600070836961E9E701A8FFF740FD019B012206
:106270006B612030E7E7A0F2324005EB820330602B
:106280001869FFF715FDC0EB4210E4E760880000D5
:1062900071880000936810B4013B002B936007DA0B
:1062A0009469A34201DB0A2902D110BC00F0CCB9E9
:1062B0001368581C10601970084610BC7047F8B578
:1062C00006460F461446D518AC4201D1002007E01F
:1062D0003A46304614F8011BFFF7DCFF431CF3D1AC
:1062E000F8BD00002DE9F04F80460D4614461E46CD
:1062F0009DB018B1036A0BB9FEF7D8FA6B6ED907D7
:1063000005D4AB899A0502D4A86DFEF7E6FBAB89EC
:106310001B0701D52B699BB92946404600F0D2F9ED
:1063200070B16B6EDC0704D54FF0FF301DB0BDE8D7
:10633000F08FAB899805F7D4A86DFEF7CFFBF3E794
:106340000023099320238DF8293030234FF0010AD0
:10635000DFF898918DF82A30039623461A781E4666
:106360001AB1252A03F10103F8D1B6EB040B0BD0C7
:106370005B46224629464046FFF7A1FF013000F068
:106380009C80099A5A4409923378002B00F095803A
:1063900000234FF0FF32CDE9052301360493079324
:1063A0008DF853301A933446052214F8011B4F48D8
:1063B000FEF795FB049BB0B9D90644BF20228DF8A7
:1063C00053201A0744BF2B228DF8532032782A2AF3
:1063D00011D000210A20079A33783446303B092B2C
:1063E00048D971B914E0A0EB09000AFA00F018438B
:1063F00026460490D7E7039A111D12680391002ADC
:1064000001DB079204E0524243F002030792049337
:1064100023782E2B0AD163782A2B30D1039B0234A8
:106420001A1D1B68039243EAE3730593304E03225F
:1064300030462178FEF753FB30B14022049B801B8D
:1064400082401343013404932178062229488DF8B1
:106450002810FEF744FB00283ED0274B13BB039BBC
:10646000073323F0070308330393099B01343B44AC
:10647000099372E7012100FB02320136ACE70023E9
:106480000A2618460593611C0A780C46303A092AF8
:1064900003D9002BCAD00590C8E7012306FB0020D2
:1064A0000131F1E703AB00932A464046134B04A9A0
:1064B000FDF7A4FD0746781CD7D16B6ED90705D42C
:1064C000AB899A0502D4A86DFEF708FBAB895B0681
:1064D0003FF52AAF099829E703AB00932A464046C7
:1064E000064B04A9FEF72AF8E4E700BF9E880000E7
:1064F000A4880000A8880000FD3F0000BF620000E3
:10650000B1F90C20F8B5160705460C4651D44B6876
:10651000002B02DC0B6C002B49DDE66A002E46D016
:10652000002312F480522F682B6031D0626DA38952
:10653000590705D56368D21A636B0BB1236CD21A65
:1065400000232846E66A216AB047421CB4F90C30A1
:1065500006D129681D2944D8264ACA40D60740D505
:10656000002262602269D904226004D5421C01D154
:106570002B6803B96065616B2F60C1B104F14403FE
:10658000994202D02846FFF7F1F9002363630EE039
:1065900001232846216AB0470246501CC7D12B6808
:1065A000002BC4D01D2B01D0162B19D12F60002039
:1065B0001CE00F69002FFAD0930718BF00230E6864
:1065C00008BF4B69F61B0F608B60002EEFDD334672
:1065D0003A462846216AD4F828C0E047002806DC5D
:1065E000A3894FF0FF3043F04003A381F8BD074477
:1065F000361AEAE70100402038B50B6905460C461B
:1066000013B91D46284638BD18B1036A0BB9FEF709
:106610004DF9B4F90C30002BF3D0626ED00704D4DE
:10662000990502D4A06DFEF758FA28462146FFF7D7
:1066300067FF636E0546DA07E4D4A3899B05E1D4BE
:10664000A06DFEF74BFADDE7F8B505460F46144698
:1066500018B1036A0BB9FEF729F9A369A360A389EE
:106660001A0701D5236943B92146284600F02AF8C4
:1066700018B14FF0FF363046F8BD23692068C01AC4
:106680006369834205DC21462846FFF7B5FF0028F1
:10669000EFD1A3680130013BA3602368FEB25A1C0E
:1066A00022601F706369834204D0A389DB07E2D5AF
:1066B0000A2EE0D121462846FFF79EFF0028DAD0B7
:1066C000D7E7000038B5284B054618680C4618B1C6
:1066D000036A0BB9FEF7EAF8B4F90C30190720D4B5
:1066E000DA0607D409222A6043F040034FF0FF3056
:1066F000A38131E0580711D5616B41B104F1440326
:10670000994202D02846FFF731F900236363002243
:10671000A3896260226923F02403226043F0080306
:10672000A38123694BB9A38903F42073B3F5007FD8
:1067300003D02146284600F0B1F8B4F90C3013F02C
:1067400001020AD00022A26062695242A26122695B
:1067500042B913F08000C7D138BD990758BF6269AC
:10676000A260F4E70020F7E7FC03042038B500231B
:10677000054C05460846236000F086F9431C02D10B
:10678000236803B12B6038BD400F04201FB51D46A0
:10679000094B06461B68D86852B1084C3346CDE910
:1067A000014200912A46064900F042F800F0D2F872
:1067B000044C2246F2E700BFFC030420B988000025
:1067C000C6880000F488000070B5A1FB026535B9E9
:1067D0003146FFF73FF9044628B9204670BD0C2327
:1067E00000240360F9E732462946FEF7EBF8F4E7A8
:1067F00082B001B901A942B14BB113780B60127894
:10680000101E18BF012002B070471046FBE76FF062
:106810000100F8E749B1FF2A8BBF8A2301200360FA
:106820000A7088BF4FF0FF3070470846704700007D
:106830000EB403B5014603AB054853F8042B0068BA
:106840000193FFF74FFD02B05DF804EB03B0704712
:10685000FC03042070B50E46B1F90E101446002951
:106860001D4696B00ADAB28912F0800213D14FF4B5
:10687000806100202A60216016B070BD6A4600F079
:1068800047F80028EFDB019A02F47042A2F50053AA
:106890005A425A41EBE700224021EAE78B8973B55F
:1068A0009E0705460C4607D504F147032360236184
:1068B0000123636102B070BD01AB6A46FFF7CAFFF6
:1068C000009E28463146FFF7C5F8B4F90C3038B9B8
:1068D0009A05EFD423F0030343F00203A381E3E717
:1068E00043F08003A381019BC4E904062060002BD0
:1068F000E0D02846B4F90E1000F01CF80028D9D0DA
:10690000A38923F0030343F00103A381D2E700002E
:1069100038B50023064C0546084611462360FAF7B1
:1069200055FB431C02D1236803B12B6038BD00BF67
:10693000400F042038B50023054C05460846236067
:10694000FAF746FB431C02D1236803B12B6038BD24
:10695000400F0420062008B500F02CF8012000F0BC
:10696000A1F81F2938B505460C4604D91623036043
:106970004FF0FF3038BDC26B12B152F821304BB925
:10698000284600F031F8224601462846BDE8384046
:1069900000F018B8012B0AD0591C03D1162303604C
:1069A0000120E7E70021204642F824109847002004
:1069B000E0E70000024B01461868FFF7D2BF00BFB6
:1069C000FC03042038B50023064C05460846114652
:1069D000236000F051F8431C02D1236803B12B60FF
:1069E00038BD00BF400F042000F03EB84FEA410C14
:1069F0007FEA6C5C02D150EA013C0AD14FEA430CB9
:106A00007FEA6C5C02D152EA033C02D14FF00000F5
:106A100070474FF0010070474FEA410212F5001233
:106A200015D211D56FF47873B3EB625212D94FEAD5
:106A3000C12343F0004343EA505311F0004F23FABF
:106A400002F018BF404270474FF00000704750EA14
:106A5000013005D111F0004008BF6FF000407047D1
:106A60004FF00000704700BF5822024B4FF0FF303C
:106A70001A607047400F04205822024B4FF0FF303D
:106A80001A607047400F0420044A05491368002B20
:106A900008BF0B461844106018467047E00F0420EA
:106AA00000000020FEE700BF00F0C6B9F8B50446BC
:106AB0000D4600F095FA224606460F462B46204624
:106AC0002946FFF793FFA8B9002200232046294654
:106AD000FCF7D6FC70B10022002320462946FCF7C3
:106AE000BBFC50B101F038FD0021094A22230E46BB
:106AF0001746036030463946F8BD01F02DFD2122CE
:106B0000034604481A60BDE8F84000F0A1B800BF91
:106B10000000F0FF8C8500002DE9F84316461F4663
:106B20008046894600F0E8FA324604460D463B4668
:106B300030463946FFF75AFF78B900220023404615
:106B40004946FCF789FCD8B100220023304639467B
:106B5000FCF782FC28B10024254D20462946BDE8DB
:106B6000F8833046394600F06DF80028F5D03046FD
:106B7000394600220023FCF779FC0028EDD02CE0F8
:106B80002046294600F05EF8A0B1002200232046EE
:106B90002946FCF761FC0028DFD04046494600F05A
:106BA00051F80028D9D03046394600F04BF800287B
:106BB000D3D012E04046494600F044F80028E4D023
:106BC0003046394600F03EF80028DED022462B46FB
:106BD00020462946FFF70AFF20B901F0BDFC222319
:106BE0000360BAE701F0B8FC21230360B5E700BFFA
:106BF0000000F03FF8B506460F4600F02FF8324689
:106C000004460D463B4630463946FFF7EFFE30B9A5
:106C10003046394600220023FCF728FC10B92046F4
:106C20002946F8BD01F098FC0022002321210160D3
:106C300010461946FCF7D2FA04460D46204629466E
:106C4000F8BD00BF41F0004000F58010C00F704754
:106C500000200149704700BF0000F87F2DE9F84F80
:106C6000724B04468B430D4600F0AC8000290A4667
:106C7000034655DD0C1562D0C2F31302E007A4F2FF
:106C8000FF3142F4801203D4520002EBD3725B0056
:106C900000264FEA610916244FF40011B446520051
:106CA00002EBD3725B000CEB010090424FEAD3750C
:106CB0004FEA430303DC00EB010C121A0E44013CC3
:106CC00005EB42024FEA5101EDD120254FF0004083
:106CD00027460AE042D0510001EBD371013D0A463C
:106CE0004FEA43034FEA500044D0624500EB070EE1
:106CF000F0DDBEF1000F0EEB00070CDBE046A2EB6F
:106D00000C01C4469E4588BF01F1FF314900A3EB49
:106D10000E030444E0E7002FF0DB0CF10108EEE77E
:106D200021F00047074345D000296ED1D90A153A12
:106D30005B050029FAD0CE02144673D40A4600211E
:106D40005200D502084601F10101F9D5C1F1200533
:106D500023FA05F52A438B40241A8DE79E4502D974
:106D60004FEA4C01B8E7BEF1000F0EEB000723DB42
:106D70000021CCE7194313D02D4FDFF8B880D7E9B5
:106D80000001D8E90023D7E900BCDA46E346FBF767
:106D900043FF02460B4650465946FCF771FBD8B9F3
:106DA0006508731003F17F5303F5001303EB0951DA
:106DB00045EAC670BDE8F88F002FD9DB00210CF141
:106DC000010CA4E702460B46FCF7DEF822462B46F0
:106DD000FBF724FFBDE8F88FB4F1FF3FD7E90001CE
:106DE000D8E900231AD0D7E90078FBF717FF02464D
:106DF0000B4638464146FCF739FB88B1A31C04F129
:106E0000020508BF01366D08CBE702460B46FBF7CB
:106E100003FF02460B46FCF7E1F9CBE70136C0E77A
:106E20000134BDE74FF0FF300A4695E70000F07FE0
:106E3000088B0000008B00002DE9F04F1D465342E7
:106E4000DFF88CE1134325F0004A4AEAD373734517
:106E5000144683468C4683B03ED8474247EA000931
:106E600021F00047B84647EAD9777745019133D8F2
:106E700005F1404707F5801717433DD00198A91742
:106E800001F0020141EAD0705BEA080307462CD00A
:106E900054EA0A0235D0F2454AD0F04531D0A8EB89
:106EA0000A03B3F1747F4FEA23523DDA002D4BDA27
:106EB0003C3249DA00200021012F5DD0022F4ED054
:106EC00087B137A3D3E90023FBF7A6FE36A3D3E9A6
:106ED0000023FBF7A1FE05E05A46634620462946FB
:106EE000FBF79CFE03B0BDE8F08F022814D0032806
:106EF0000ED058466146F5E703B0BDE8F04F00F00C
:106F0000F7BE019B002B0BDB29A1D1E90001E9E7CA
:106F100029A1D1E90001E5E723A1D1E90001E1E7D9
:106F200027A1D1E90001DDE721A1D1E90001C3E7F3
:106F3000D04500F1FF3323D0022B29D8254A02EB9C
:106F4000C303D3E90001CDE722462B4661465846EC
:106F5000FCF744F901F060F800F0CAFEACE710A3BA
:106F6000D3E90023FBF758FE02460B460EA1D1E9F8
:106F70000001FBF751FEB5E701F100431946B1E707
:106F8000022B08D8144A02EBC303D3E90001A9E796
:106F900000200021A6E70CA1D1E90001A2E700BF73
:106FA000075C143326A6A13C182D4454FB2109404C
:106FB000182D4454FB21F93F182D4454FB2109C0DE
:106FC000182D4454FB21F9BF182D4454FB21E93FEF
:106FD0000000F07F108B0000288B000000000000F4
:106FE0002DE9F043B1F5801F02460B468C4683B075
:106FF00019DA21F0004454EA000E59D0002960DB70
:107000000022394BFBF7C0FF8C460B4637496FF027
:10701000350E8C4502460BDD10461946FBF7FEFD8A
:1070200003B0BDE8F08331494FF0000E8C45F3DC2E
:107030004FEA2C50A0F2FF307044C40F00EBD07028
:10704000CCF31305CDE90023FBF734FFDDE9002382
:10705000C4F57F7C0CF1030C45EA0C5316461F4621
:107060001BA3D3E9002380468946FBF78DFF044626
:107070000D463046394601F07FF817A3D3E90023C7
:10708000FBF782FF22462B46FBF7C8FD14A3D3E98A
:10709000002304460D4640464946FBF775FF02466D
:1070A0000B4620462946FBF7B9FD03B0BDE8F08347
:1070B0000022002300200E49FCF790F803B0BDE841
:1070C000F083FBF7A9FD00220023FCF787F8A7E770
:1070D000362BF111F3FE593D0EE526157BCBDB3F38
:1070E00000609F501344D33F00005043FFFFEF7FE9
:1070F000000050C3000000002DE9F04F99461E46E5
:1071000023F00043044652EA030090460D4693B034
:1071100010D123196D4985F40022524198429141C2
:1071200021D242464B4620462946FBF777FD13B055
:10713000BDE8F08F1146664A25F000409042AA460D
:10714000A346009014D90AF1404303F580135BEA8B
:107150000302E6D143465D48DB1889F4002149412A
:107160009A428841DDD300205A4913B0BDE8F08F20
:1071700013D09342E7D8009A5AD0BAF1000F14DB2B
:10718000002940F08D805348834240F01084002E47
:10719000C0F2E28420462946C9E7002CC1D18342CF
:1071A000BFD800F01484009AE7E74B48834200F20E
:1071B00090834A48834200F29283002940F0BD83C5
:1071C000B6F1804F00F0D38402915F4620462946F5
:1071D0000693049200F020FF049A069B002F3BD0F8
:1071E000029F4FEADA7C0CF1FF3C5CEA070E69D0A3
:1071F000029C013C54EA0C044FF0000414BF354DCE
:10720000374DB3F1844FCDE906456DD9354A9342E8
:10721000324B009A40F210849A4200F2CB84002E46
:10722000C0F2CB84002013B0BDE8F04F00F096BF51
:10723000002988D1009B03F1404303F580132343C9
:1072400091D0264B009A9A4240F26084002EC0F200
:10725000D984404649466AE7DFF878C02AF0404EB4
:10726000E64502D0009F002FBAD1002EC0F246841E
:10727000BAF1000FBFF65BAF009B029A03F14043E7
:1072800003F58013134340F07A8402460B46104600
:107290001946FBF7C1FC02460B46FBF79FFF46E78A
:1072A000002102915F46204629460693049200F091
:1072B000B3FE049A069B002FCED04FEADA7C0CF185
:1072C000FF3C95E722462B46E1E700BF0000F0FFB8
:1072D0000000F07F0000F03FFFFF3F43FFFFEF3F64
:1072E0000000F0BF0000F043C74B0AEA0303002B85
:1072F00040F0A0830022C54BFBF746FE6FF034043C
:107300000A461315A3F2FF331E19C14BC2F3130231
:1073100042F07F549A4244F4401406DDBD4B9A4239
:1073200040F336840136A4F58014002200234FF088
:10733000000A0025DFF8E0B2CDE90E23CDE904AB69
:10734000CDE91023DDE9042321468246FBF764FCE6
:10735000DDE90423A346CDE90A0150462146CDE9E3
:1073600008ABFBF75BFC02460B460020AA49FBF783
:1073700035FF0A4601461346CDE90C120246DDE907
:107380000A01FBF701FE0A460146002700206310B0
:1073900043F00053CDE90012DDE900BC03F5002302
:1073A000CDE902BC59190297DDE902AB04460D464E
:1073B00002460B4650465946FBF7E6FD02460B4691
:1073C000DDE90A01FBF728FCDDE90423CDE90A0128
:1073D00020462946FBF720FC02460B46DDE9080162
:1073E000FBF71AFC52465B46FBF7CEFD02460B4606
:1073F000DDE90A01FBF710FCDDE90C23FBF7C4FD16
:10740000DDE90045CDE9040122462B462046294608
:10741000FBF7BAFD6AA3D3E9002304460D46FBF748
:10742000B3FD69A3D3E90023FBF7F8FB22462B4603
:10743000FBF7AAFD66A3D3E90023FBF7EFFB224687
:107440002B46FBF7A1FD64A3D3E90023FBF7E6FB82
:1074500022462B46FBF798FD61A3D3E90023FBF7F7
:10746000DDFB22462B46FBF78FFD5FA3D3E900230C
:10747000FBF7D4FB22462B46CDE9080120462946DE
:10748000FBF782FD02460B46DDE90801FBF77CFDB8
:1074900004460D46DDE9000152465B46FBF7BEFBA4
:1074A000DDE90423FBF770FD22462B46FBF7B6FB14
:1074B000524604460D465B4650465946FBF764FD6E
:1074C0000022564BCDE90A01FBF7A8FB22462B46CA
:1074D000CDE90845FBF7A2FB0D4650462B46594621
:1074E000DDE902AB5246FBF74FFD0022CDE9020178
:1074F0004A4B29465046FBF78FFBDDE90A23FBF791
:107500008BFB02460B46DDE90801FBF785FBDDE955
:107510000023FBF739FD2B465246CDE90001DDE99A
:107520000401FBF731FD02460B46DDE90001FBF7E4
:1075300075FB03460C460246CDE900340B46DDE9F7
:107540000201FBF76BFB2AA3D3E9002350460D464B
:10755000FBF71AFDDDE90223CDE904012946504677
:10756000FBF75AFB02460B46DDE90001FBF754FB33
:1075700021A3D3E90023FBF707FD21A3D3E90023CF
:10758000CDE9000129465046FBF7FEFC02460B46BA
:10759000DDE90001FBF742FBDDE91023FBF73EFBD1
:1075A000044630460D46FBF785FC06460F46DDE9EE
:1075B000040122462B46FBF731FB31E0AFF300809C
:1075C000EF4E454A287ECA3F65DBC9934A86CD3FC8
:1075D00001411DA96074D13F4D268F515555D53FAE
:1075E000FFAB6FDBB66DDB3F033333333333E33F46
:1075F000000000E009C7EE3FFD033ADC09C7EE3F9B
:10760000F5015B14E02F3EBE0000F07F0000404318
:107610008E98030079B60B000000F03F0000084090
:10762000DDE90E23FBF7FAFA32463B46FBF7F6FAA2
:10763000324656463B4650460F46FBF7EDFADDE92B
:107640000E23FBF7E9FADDE90423FBF7E5FA02462E
:107650000B4620462946FBF7DFFA0023CDE90089D7
:107660000093DDE90045CDE9020122462B46404664
:107670004946FBF7D1FA32463B46FBF785FCB2465A
:10768000424606464B46BB460F46DDE90201FBF784
:107690007BFC02460B4630463946FBF7BFFA0646EE
:1076A0000F4622462B4650465946CDE90267FBF766
:1076B0006BFC8046894630464B4639464246FBF7CE
:1076C000ADFAD74B044699420D460E4640F34F8122
:1076D00001F13F4303F5E003034340F07482BEA38E
:1076E000D3E90023DDE90201FBF798FA424682461E
:1076F0008B464B4620462946FBF78EFA02460B4640
:1077000050465946FBF7D0FE002840F05C824FF40B
:10771000007300203344C3F30A52C24CA2F2FF327A
:10772000C3F31301144141F48011C2F1140241FA70
:1077300002F5002E04EA03010B46B8BF6942024677
:1077400004954046B8BF04914946FBF765FA804668
:107750008946DDE90201049B42461B0500934B4626
:10776000FBF75CFA0D469EA3D3E9002300242946CB
:107770002046FBF709FC424606460F464B4620468C
:107780002946FBF749FA02460B46DDE90201FBF701
:1077900043FA95A3D3E90023FBF7F6FB94A3D3E9BF
:1077A00000238046894620462946FBF7EDFB02462A
:1077B0000B4640464946FBF731FA80468946024669
:1077C0000B4630463946FBF729FA32463B4604461B
:1077D0000D46FBF721FA02460B4640464946FBF7A9
:1077E0001BFA224606460F462B4620462946FBF743
:1077F000CBFB81A3D3E9002380468946FBF7C4FB7A
:107800007FA3D3E90023FBF707FA42464B46FBF779
:10781000BBFB7DA3D3E90023FBF700FA42464B46AE
:10782000FBF7B2FB7AA3D3E90023FBF7F5F9424655
:107830004B46FBF7A9FB78A3D3E90023FBF7EEF94E
:1078400042464B46FBF7A0FB02460B462046294624
:10785000FBF7E2F98046894602460B462046294658
:10786000FBF792FB002282468B46404649464FF08A
:107870008043FBF7D1F902460B4650465946FBF7C9
:10788000ADFC3246804689463B4620462946FBF7FA
:107890007BFB32463B46FBF7C1F902460B464046AE
:1078A0004946FBF7B9F922462B46FBF7B5F90246E4
:1078B0000B4600205C49FBF7AFF9009D4C19B4F56D
:1078C000801FC0F28A812146DDE90623FBF75CFBBD
:1078D0002DE4002900F0928102210291E2E41815C2
:1078E000A0F2FF30142840F31D81C0F1340021FACA
:1078F00000FC0CFA00F0884200F09481E9B9B6F17E
:10790000804F00F03481204629460292049300F013
:1079100083FBBBF1000F7FF4D5ACDFF80CC12AF07C
:10792000404EE64500F0AE81009F029A049B002F76
:1079300000F0A3810027029752E4204629460493D1
:10794000029200F069FBBBF1000F7FF4BBACDFF8E3
:10795000D8C02AF0404EE64500F07B81009F029A95
:10796000049B002F00F0C580CDF808B038E4DFF8A4
:10797000BCC021F00043634540F2E5802C4BCB189E
:1079800003430AD142464B46FBF746F9DDE90223A1
:10799000FBF780FD00283FF4BAAEDDE906010022C6
:1079A0000023FBF763FD003818BF01203BE4B6F16C
:1079B000804F00F0DC80A0F5801086427FF404AC9C
:1079C0002046294613B0BDE8F04FFFF747B900291C
:1079D0007FF4A7AB35E400BFFE822B654715973CCB
:1079E00000000000432EE63FEF39FAFE422EE63F4C
:1079F000396CA80C615C20BED0A4BE726937663EAB
:107A0000F16BD2C541BDBB3E2CDE25AF6A56113F9E
:107A100093BDBE166CC1663F3E5555555555C53F85
:107A2000FFFF8F400000F0FF0000F03FFFCB9040D1
:107A300000346F3F002464E49A42C0F0D280009A80
:107A4000A74B9A424FF0000200F2E080A44BFBF7F4
:107A5000E3F897A3D3E9002304460D46FBF794FA15
:107A600095A3D3E9002306460F4620462946FBF797
:107A70008BFA0022CDE900019A4B20462946FBF7FC
:107A800083FA02460B468EA1D1E90001FBF7C4F848
:107A900022462B46FBF778FA02460B460020924915
:107AA000FBF7BAF822462B4682468B4620462946EB
:107AB000FBF76AFA02460B4650465946FBF764FA52
:107AC00081A3D3E90023FBF75FFA02460B46DDE909
:107AD0000001FBF7A1F802460B4604460D4630466E
:107AE0003946FBF79BF8002032463B4606460F46D8
:107AF000ABE5009BBE420293BFF6BEAB02460B460F
:107B000000207749FBF76AFBFFF7B2BB002E4FF06E
:107B100000004FF00001BFF60AAB404609F10041FA
:107B2000FFF705BB00297FF408AFC0F1140043FA4A
:107B300000FC0CFA00F098427DD0694883423FF483
:107B400026ABFFF73DBB684A934200F28E80DDE929
:107B500000230092049206E622462B46002060494C
:107B6000FBF73CFBFFF7E3BAB6F1804F46D1224664
:107B70002B4620462946FBF707FAFFF7D8BA029BA7
:107B8000012B7FF4D4AA01F100431946FFF7CFBAC5
:107B90000022564B4FF48025CDE904234CA3D3E9B2
:107BA0000023CDE90E234CA3D3E90023CDE9102314
:107BB000FFF7C8BB002E7FF735AB002013B0BDE840
:107BC000F04F00F0D1BA0022DDE906010023FBF7F7
:107BD0004DFC003818BF0120F0E7049A00F020FAAD
:107BE00072E60022DDE906010023FBF73FFC0038C6
:107BF00018BF0120002EBFF616ABDFE7022102916D
:107C0000FFF7E3BA00200021FFF791BA0023DDE976
:107C10000601FBF72BFC003818BF0120002ECDDC3D
:107C2000FFF701BB00299FD00CF0010CCCF1020141
:107C30000291FFF737BB2A498B423FF4A8AAB6F15D
:107C4000804F94D00CF0010CCCF102010291FFF7AF
:107C5000BCBA002E05DA02460B4600202049FBF78D
:107C6000BDFACDF808B0FFF707BB4FF480121B1523
:107C7000A3F2FE3342FA03F34BE5BE4208DB029760
:107C8000FFF7FABA002E06DB00230293FFF7F4BADF
:107C90000023029332E70B46024611490020FBF70E
:107CA0009DFA00230293FFF7E7BA00BFAFF300800D
:107CB000000000604715F73F44DF5DF80BAE543E0F
:107CC000555555555555D53FFE822B654715F73F00
:107CD0000000004003B8E23F06D0CF43EBFD4C3E2E
:107CE0000000F03F0000D03F0000E03F0000F83F00
:107CF0002DE9F84FBE4B21F000469E4204460D464A
:107D000088460ED9BB4B9E4200F2B18000F0AC8099
:107D1000B8F1000F40F3E98099A1D1E90001BDE875
:107D2000F88FB54B9E4200F2B980A3F1DE739E42FC
:107D300040F2A5804FF0FF3B22462B4620462946C5
:107D4000FBF722F902460B4681468A46FBF71CF9EF
:107D50008DA3D3E9002306460F46FBF715F98CA344
:107D6000D3E90023FAF75AFF32463B46FBF70CF9FA
:107D700089A3D3E90023FAF751FF32463B46FBF7CC
:107D800003F987A3D3E90023FAF748FF32463B46BD
:107D9000FBF7FAF884A3D3E90023FAF73FFF324652
:107DA0003B46FBF7F1F882A3D3E90023FAF736FF4D
:107DB0004A465346FBF7E8F87FA3D3E90023814600
:107DC0008A4630463946FBF7DFF87DA3D3E9002326
:107DD000FAF722FF32463B46FBF7D6F87AA3D3E9FF
:107DE0000023FAF719FF32463B46FBF7CDF878A39C
:107DF000D3E90023FAF710FF32463B46FBF7C4F8FD
:107E000075A3D3E90023FAF707FF32463B46FBF799
:107E1000BBF802460B4648465146FAF7FFFE22469B
:107E20002B46FBF7B1F8BBF1FF3F02460B4661D092
:107E3000724B734E03EBCB03D3E90023FAF7ECFE4E
:107E400022462B46FAF7E8FE06EBCB0602460B4627
:107E5000D6E90001FAF7E0FEB8F1000F0DDA01F102
:107E600000431946BDE8F88F00283FF451AF224681
:107E70002B4620462946FAF7D1FEBDE8F88F58A3D5
:107E8000D3E90023FAF7CAFE00225E4BFBF70CFB96
:107E900000283FF44FAF20462946EEE700F0BCF83B
:107EA000594B04469E420D462AD8A3F550239E42C4
:107EB0004FD802460B46FAF7B1FE0022514BFAF7B3
:107EC000ABFE002206460F46204629464FF080436F
:107ED000FAF7A4FE02460B4630463946FBF77EF918
:107EE0004FF0000B04460D4626E73FA1D1E9000103
:107EF000BDE8F88F20462946FAF78EFEBDE8F88FD8
:107F0000424B9E421AD20022414BFAF785FE0022D4
:107F100006460F46204629463D4BFBF735F8002222
:107F2000384BFAF77BFE02460B4630463946FBF7E4
:107F300055F94FF0020B04460D46FDE602460B468E
:107F400000203449FBF74AF94FF0030B04460D4675
:107F5000F2E600222B4BFAF75FFE002206460F46A0
:107F600020462946274BFAF759FE02460B46304673
:107F70003946FBF733F94FF0010B04460D46DBE6BB
:107F8000182D4454FB21F93F11DA22E33AAD903F1A
:107F9000EB0D76244B7BA93F513DD0A0660DB13F40
:107FA0006E204CC5CD45B73FFF8300922449C23FA8
:107FB0000D5555555555D53F2F6C6A2C44B4A2BF6D
:107FC0009AFDDE522DDEAD3F6D9A74AFF2B0B33F35
:107FD000711623FEC671BC3FC4EB98999999C93FAD
:107FE0009C7500883CE4377E182D4454FB21F9BF72
:107FF000FFFF0F440000F07FFFFFDB3F408B0000DE
:10800000608B00000000F03FFFFFF23F0080034064
:108010000000F83F0000F0BF21F000431946704710
:108020002DE918481446C1F30A5283468C460B4684
:108030006ABB21F00043034327D02F4B0022FAF7FD
:10804000A3FF2E4B83469C428C463BDB0B46C1F381
:108050000A52363A4CF250318C4221DC40F2FE7129
:1080600022448A421CDC002A25DC12F1350F30DB69
:1080700023F0FF4C02F136042CF4E00C58460022A9
:108080001F4B4CEA0451FAF77FFFBDE8188840F215
:10809000FF7E7245DED10246FAF7C0FDBDE81888C2
:1080A00011A3D3E9002363F31E0C61461548FAF7C8
:1080B0006BFFBDE818886FF31E53584643EA025120
:1080C000BDE818880AA3D3E90023FAF75DFFBDE8ED
:1080D00018880D490CF00044214305A3D3E900237F
:1080E0000A48FAF751FFD0E79C7500883CE4377ED8
:1080F00059F3F8C21F6EA50100005043B03CFFFFCA
:108100000000903C9C7500881F6EA50159F3F8C2D1
:1081100030B583B004460D46019200F01DFA2946A1
:1081200003462046019A1A6003B030BD00B583B003
:1081300080B1104603F10041CDE900011046194617
:10814000DDE90023FAF720FF222203B05DF804EBFB
:10815000FFF7DEBF10461946EEE700BF00224FF0E2
:108160008053FFF7E3BF00BF00224FF0E043FFF76B
:10817000DDBF00BF000000002DE9F04FB1F5801F0A
:1081800002460B460C4687B080F2878021F0004EF5
:108190005EEA000E00F026810029C0F280810022F4
:1081A000D74BFAF7F1FE0C460B46D6496FF0350C6B
:1081B0008C42024676DC2015C4F3130404F5152125
:1081C000A0F2FF3001F66471604401F4801100EB0D
:1081D000115581F07F5181F4401141EA04031046AA
:1081E00019460022C84BFAF717FDA31CC3F313036B
:1081F000022BAB4681468A464FF0000259DC002331
:10820000FBF72AF9002840F0F680A9A3D3E9002360
:1082100048465146FAF7B8FE02460B460020BB49D5
:10822000FAF7FAFC4A4606460F4653464846514678
:10823000FAF7AAFE02460B4630463946FAF7A4FE84
:108240004C465546CDE90001BBF1000F1CD0584605
:10825000FAF730FE98A3D3E9002306460F46FAF753
:1082600093FE97A3D3E9002304460D4630463946D2
:10827000FAF78AFE02460B46DDE90001FAF7CCFC6C
:108280004A465346FAF7C8FC02460B4620462946A2
:10829000FAF7C2FC07B0BDE8F08F9A494FF0000C26
:1082A0008C4288DD10461946FAF7B8FC07B0BDE8E5
:1082B000F08F4FF08043FAF7B1FC02460B46484678
:1082C0005146FAF78BFF074628468846FAF7F2FD33
:1082D0003A46CDE90401434638464146FAF754FE92
:1082E00002460B46A4F5C225A5F27A45CDE9002346
:1082F0000295FAF749FE74A3D3E9002305460E461A
:10830000FAF742FE72A3D3E90023FAF787FC2A4664
:108310003346FAF739FE70A3D3E90023FAF77EFC5F
:108320002A463346FAF730FE6DA3D3E90023FAF765
:1083300075FCDDE90023FAF727FE6BA3D3E90023E0
:10834000CDE9000128463146FAF71EFE68A3D3E9BD
:108350000023FAF763FC2A463346FAF715FE66A3B4
:10836000D3E90023FAF75AFC2A463346FAF70CFE03
:108370000B460246DDE90001FAF750FCC4F5D724AC
:10838000029B51341C43002C05460E4650DD002252
:108390005E4B48465146FAF7F7FD4A465346FAF710
:1083A000F3FD02460B4628463146CDE90023FAF795
:1083B00035FC3A464346FAF7E7FD0A460146CDE961
:1083C0000212BBF1000F40F0A58013460246DDE922
:1083D0000001FAF721FC02460B4648465146FAF7DF
:1083E0001BFC63E70022002300204949FAF7F6FE50
:1083F00007B0BDE8F08F2846002D00F0A280FAF704
:1084000059FD2DA3D3E9002306460F46FAF7BCFD1C
:108410002BA3D3E9002304460D4630463946FAF72C
:10842000B3FD02460B4620462946FAF7F7FB3DE727
:108430000B46024651464846FAF7EEFB3A4643469B
:10844000FAF7A2FD4C465546CDE90001BBF1000FFD
:108450003FF41AAFDDE9044517A3D3E90023204612
:108460002946FAF791FD16A3D3E9002306460F46E5
:1084700020462946FAF788FD02460B46DDE9000151
:10848000FAF7CAFB4A465346FAF7C6FB02460B46C2
:1084900030463946FAF7C0FB07B0BDE8F08FFAF76F
:1084A000BBFB00220023FAF799FEFFE6AFF3008042
:1084B000555555555555D53F0000E0FE422EE63F37
:1084C000763C7935EF39EA3D44523EDF12F1C23F46
:1084D000DE03CB966446C73F599322942449D23F8A
:1084E000935555555555E53F9FC678D0099AC33FDA
:1084F000AF788E1DC571CC3F04FA97999999D93FF1
:1085000000005043FFFFEF7F0000F03F0000E03F1E
:10851000000050C3DDE904450BA3D3E90023204646
:108520002946FAF731FD0AA3D3E9002306460F4690
:1085300020462946FAF728FDDDE90223FAF76EFB0B
:108540009AE700200021B1E60000E0FE422EE63F5F
:10855000763C7935EF39EA3D014B1868704700BF2A
:10856000FC030420F8B500BFF8BC08BC9E46704769
:10857000F8B500BFF8BC08BC9E467047252E326691
:108580002C20000025662C202566200A0000000013
:10859000050708090B0000000F0C0A09060000007F
:1085A00003040506080A0000120C06050403000077
:1085B000120F0C0003040507090B00000F0A050445
:1085C00003020000160000002C000000590000000B
:1085D000B20000000B010000150200008002000044
:1085E0009B02000020030000790300002B04000020
:1085F0003505000000000000050000000400000038
:10860000020000000000000004000000080000005C
:10861000100000002000000040000000800000006A
:10862000000100000002000000040000000800003B
:1086300000100000002000000040000001000000C9
:10864000160000002C00000059000000B2000000DD
:108650000B01000015020000800200009B020000D8
:1086600020030000790300002B0400003505000002
:1086700008090000C9020000080C00006C2000007E
:10868000F02100001000000010040000C9020000EA
:10869000280A0000090000008C23000004010000EB
:1086A000040A000059480000040A00007BF20000A0
:1086B000000A000009800000F02200000000000015
:1086C00030220000AFA587DE502200003F100000DE
:1086D000B02200003C20000030220000A0A587DE70
:1086E00000010203060304050607070709090A003B
:1086F000C8000000E80300008813000010270000F5
:10870000204E0000409C00008038010000710200F3
:1087100000000000000000000A0000001E00000031
:108720003200000064000000FFFFFFFF3200000085
:1087300064000000C8000000E80300008813000087
:1087400010270000204E0000409C000080380100EF
:108750000071020000000000FFFFFFFF00000000AA
:108760006E000000E8030000D0070000B80B000016
:10877000A00F000070170000401F0000102700002D
:10878000E02E0000803E0000204E0000C05D000092
:1087900030750000007D0000409C000080BB0000A0
:1087A00000FA0000084C010000770100A0860100DB
:1087B000C0D4010000F4010000710200A0FD02001D
:1087C00000E8030000D007000000803F0000C03F29
:1087D000000000400000804000001041494E46006B
:1087E000696E66004E414E006E616E0030003031A1
:1087F0003233343536373839414243444546003008
:108800003132333435363738396162636465660036
:10881000496E66696E697479004E614E0052454535
:108820004E54206D616C6C6F632073756363656576
:10883000646564002E2E2F2E2E2F2E2E2F2E2E2FDF
:108840002E2E2F2E2E2F6E65776C69622F6C69622B
:10885000632F7374646C69622F64746F612E63009C
:1088600042616C6C6F6320737563636565646564F6
:10887000002E2E2F2E2E2F2E2E2F2E2E2F2E2E2F41
:108880002E2E2F6E65776C69622F6C6962632F7371
:1088900074646C69622F6D707265632E6300232DA2
:1088A000302B2000686C4C006566674546470043E6
:1088B00000504F534958002E002C2066756E63748B
:1088C000696F6E3A2000617373657274696F6E2010
:1088D00022257322206661696C65643A2066696CA2
:1088E0006520222573222C206C696E652025642565
:1088F0007325730A00000000050000001900000045
:108900007D000000000000000080E03779C3414393
:10891000176E05B5B5B89346F5F93FE9034F384DE5
:10892000321D30F94877825A3CBF737FDD4F157591
:10893000000000000000F03F0000000000002440A4
:1089400000000000000059400000000000408F407F
:10895000000000000088C34000000000006AF840EA
:108960000000000080842E4100000000D01263410E
:108970000000000084D797410000000065CDCD4184
:10898000000000205FA00242000000E87648374265
:10899000000000A2941A6D42000040E59C30A24203
:1089A0000000901EC4BCD64200003426F56B0C4378
:1089B0000080E03779C3414300A0D885573476431F
:1089C00000C84E676DC1AB43003D9160E458E14380
:1089D000408CB5781DAF154450EFE2D6E41A4B44F5
:1089E00092D54D06CFF08044F64AE1C7022DB5443A
:1089F000B49DD9794378EA4400202020202020200B
:108A0000202028282828282020202020202020203E
:108A1000202020202020202020881010101010104E
:108A2000101010101010101010040404040404049A
:108A30000404041010101010101041414141414134
:108A40000101010101010101010101010101010116
:108A50000101010110101010101042424242424226
:108A600002020202020202020202020202020202E6
:108A7000020202021010101020000000000000008E
:108A800000000000000000000000000000000000E6
:108A900000000000000000000000000000000000D6
:108AA00000000000000000000000000000000000C6
:108AB00000000000000000000000000000000000B6
:108AC00000000000000000000000000000000000A6
:108AD0000000000000000000000000000000000096
:108AE0000000000000000000000000000000000086
:108AF0000000000000000000000000000000000076
:108B000059F3F8C21F6EA501000000000000F03FFD
:108B10000000000000000080182D4454FB21094093
:108B2000182D4454FB2109C0182D4454FB21E9BFE2
:108B3000D221337F7CD90240D221337F7CD902C03D
:108B4000E2652F227F2B7A3C075C143326A6813CFA
:108B5000BDCBF07A8807703C075C143326A6913CA5
:108B60004FBB610567ACDD3F182D4454FB21E93F45
:108B70009BF681D20B73EF3F182D4454FB21F93F34
:048B800000000000F1
:088B8400A476FF7F0100000050
:108B8C0000000000000000000000000000000000D9
:108B9C0000000000000000000024744B0000FA46A6
:108BAC000024744B040000000000A041FFFFFFFFF5
:108BBC000050434700401C460000000000004844A1
:108BCC000000000000000000070000000000000092
:108BDC000200000001000000100000000B0000006B
:108BEC0001000000010000000000000000401C46D5
:108BFC00007C12486400000001000000000000002E
:108C0C000000000000000000000000000000000058
:108C1C000000000000000000000000000000000048
:108C2C000000000000000000000000000000000038
:108C3C000000000000000000000000000000000028
:108C4C000000000000000000000000000000000018
:108C5C000000000000000000000000000000000008
:108C6C0000000000000000000000000000000000F8
:108C7C0000000000000000000000000000000000E8
:108C8C0000000000000000000000000000000000D8
:108C9C0000000000000000000000000000000000C8
:108CAC0000000000000000000000000000000000B8
:108CBC0000000000000000000000000000000000A8
:108CCC000000000000000000000000000000000098
:108CDC000000000000000000000000000000000088
:108CEC000000000000000000000000000000000078
:108CFC000000000000000000000000000000000068
:108D0C000000000000000000000000000000000057
:108D1C000000000000000000000000000000000047
:108D2C000000000000000000000000000000000037
:108D3C000000000000000000000000000000000027
:108D4C000000000000000000000000000000000017
:108D5C000000000000000000000000000000000007
:108D6C0000000000000000000000000000000000F7
:108D7C0000000000000000000000000000000000E7
:108D8C0000000000000000000000000000000000D7
:108D9C0000000000000000000000000000000000C7
:108DAC0000000000000000000000000000000000B7
:108DBC0000000000000000000000000000000000A7
:108DCC000000000000000000000000000000000097
:108DDC000000000000000000000000000000000087
:108DEC000000000000000000000000000000000077
:108DFC000000000000000000000000000000000067
:108E0C000000000000000000000000000000000056
:108E1C000000000000000000000000000000000046
:108E2C000000000000000000000000000000000036
:108E3C000000000000000000000000000000000026
:108E4C000000000000000000000000000000000016
:108E5C000000000000000000000000000000000006
:108E6C0000000000000000000000000000000000F6
:108E7C0000000000000000000000000000000000E6
:108E8C0000000000000000000000000000000000D6
:108E9C0000000000000000000000000000000000C6
:108EAC0000000000000000000000000000000000B6
:108EBC0000000000000000000000000000000000A6
:108ECC000000000000000000000000000000000096
:108EDC000000000000000000000000000000000086
:108EEC000000000000000000000000000000000076
:108EFC000000000000000000000000000000000066
:108F0C000000000000000000000000000000000055
:108F1C000000000000000000000000000000000045
:108F2C000000000000000000000000000000000035
:108F3C000000000000000000000000000000000025
:108F4C000000000000000000000000000000000015
:108F5C000000000000000000000000000000000005
:108F6C0000000000000000000000000000000000F5
:108F7C000000000003000000040E04200004042084
:108F8C0000000000040E04206C0E0420D40E0420FB
:108F9C0000000000000000000000000000000000C5
:108FAC0000000000000000000000000000000000B5
:108FBC0000000000000000000000000000000000A5
:108FCC00000000000000000000000000450F04201D
:108FDC004300000000000000000000000000000042
:108FEC000000000000000000000000000000000075
:108FFC004300000000000000000000000000000022
:10900C000000000000000000000000000000000054
:10901C004300000000000000000000000000000001
:10902C000000000000000000000000000000000034
:10903C0043000000000000000000000000000000E1
:10904C000000000000000000000000000000000014
:10905C0043000000000000000000000000000000C1
:10906C0000000000000000000000000000000000F4
:10907C0043000000000000000000000000000000A1
:10908C0000000000000000000000000000000000D4
:10909C004300000000000000000000000000000081
:1090AC0000000000000000000000000000000000B4
:1090BC0015680000F167000000000000F88900004E
:1090CC00B7880000F4880000F4880000F4880000E1
:1090DC00F4880000F4880000F4880000F488000094
:1090EC00F4880000F4880000FFFFFFFFFFFFFFFF84
:1090FC00FFFFFFFFFFFF0000010041534349490000
:10910C000000000000000000000000000000000053
:10911C0000000000000000000000415343494900DA
:10912C000000000000000000000000000000000033
:10913C000000000000000000000000000902000018
:04914C00E10100003D
:0400000300002BA529
:00000001FF
